ID,HOURS
0,0
1,1
2,2
3,3
4,4
5,5
6,6
7,7
8,8
9,9
10,10
11,11
12,12
13,13
14,14
15,15
16,16
17,17
18,18
19,19
20,20
21,21
22,22
23,23
24,24
25,25
26,26
27,27
28,28
29,29
30,30
31,31
32,32
33,33
34,34
35,35
36,36
37,37
38,38
39,39
40,40
41,41
42,42
43,43
44,44
45,45
46,46
47,47
48,48
49,49
50,50
51,51
52,52
53,53
54,54
55,55
56,56
57,57
58,58
59,59
60,60
61,61
62,62
63,63
64,64
65,65
66,66
67,67
68,68
69,69
70,70
71,71
72,72
73,73
74,74
75,75
76,76
77,77
78,78
79,79
80,80
81,81
82,82
83,83
84,84
85,85
86,86
87,87
88,88
89,89
90,90
91,91
92,92
93,93
94,94
95,95
96,96
97,97
98,98
99,99
100,100
101,101
102,102
103,103
104,104
105,105
106,106
107,107
108,108
109,109
110,110
111,111
112,112
113,113
114,114
115,115
116,116
117,117
118,118
119,119
120,120
121,121
122,122
123,123
124,124
125,125
126,126
127,127
128,128
129,129
130,130
131,131
132,132
133,133
134,134
135,135
136,136
137,137
138,138
139,139
140,140
141,141
142,142
143,143
144,144
145,145
146,146
147,147
148,148
149,149
150,150
151,151
152,152
153,153
154,154
155,155
156,156
157,157
158,158
159,159
160,160
161,161
162,162
163,163
164,164
165,165
166,166
167,167
168,168
169,169
170,170
171,171
172,172
173,173
174,174
175,175
176,176
177,177
178,178
179,179
180,180
181,181
182,182
183,183
184,184
185,185
186,186
187,187
188,188
189,189
190,190
191,191
192,192
193,193
194,194
195,195
196,196
197,197
198,198
199,199
200,200
201,201
202,202
203,203
204,204
205,205
206,206
207,207
208,208
209,209
210,210
211,211
212,212
213,213
214,214
215,215
216,216
217,217
218,218
219,219
220,220
221,221
222,222
223,223
224,224
225,225
226,226
227,227
228,228
229,229
230,230
231,231
232,232
233,233
234,234
235,235
236,236
237,237
238,238
239,239
240,240
241,241
242,242
243,243
244,244
245,245
246,246
247,247
248,248
249,249
250,250
251,251
252,252
253,253
254,254
255,255
256,256
257,257
258,258
259,259
260,260
261,261
262,262
263,263
264,264
265,265
266,266
267,267
268,268
269,269
270,270
271,271
272,272
273,273
274,274
275,275
276,276
277,277
278,278
279,279
280,280
281,281
282,282
283,283
284,284
285,285
286,286
287,287
288,288
289,289
290,290
291,291
292,292
293,293
294,294
295,295
296,296
297,297
298,298
299,299
300,300
301,301
302,302
303,303
304,304
305,305
306,306
307,307
308,308
309,309
310,310
311,311
312,312
313,313
314,314
315,315
316,316
317,317
318,318
319,319
320,320
321,321
322,322
323,323
324,324
325,325
326,326
327,327
328,328
329,329
330,330
331,331
332,332
333,333
334,334
335,335
336,336
337,337
338,338
339,339
340,340
341,341
342,342
343,343
344,344
345,345
346,346
347,347
348,348
349,349
350,350
351,351
352,352
353,353
354,354
355,355
356,356
357,357
358,358
359,359
360,360
361,361
362,362
363,363
364,364
365,365
366,366
367,367
368,368
369,369
370,370
371,371
372,372
373,373
374,374
375,375
376,376
377,377
378,378
379,379
380,380
381,381
382,382
383,383
384,384
385,385
386,386
387,387
388,388
389,389
390,390
391,391
392,392
393,393
394,394
395,395
396,396
397,397
398,398
399,399
400,400
401,401
402,402
403,403
404,404
405,405
406,406
407,407
408,408
409,409
410,410
411,411
412,412
413,413
414,414
415,415
416,416
417,417
418,418
419,419
420,420
421,421
422,422
423,423
424,424
425,425
426,426
427,427
428,428
429,429
430,430
431,431
432,432
433,433
434,434
435,435
436,436
437,437
438,438
439,439
440,440
441,441
442,442
443,443
444,444
445,445
446,446
447,447
448,448
449,449
450,450
451,451
452,452
453,453
454,454
455,455
456,456
457,457
458,458
459,459
460,460
461,461
462,462
463,463
464,464
465,465
466,466
467,467
468,468
469,469
470,470
471,471
472,472
473,473
474,474
475,475
476,476
477,477
478,478
479,479
480,480
481,481
482,482
483,483
484,484
485,485
486,486
487,487
488,488
489,489
490,490
491,491
492,492
493,493
494,494
495,495
496,496
497,497
498,498
499,499
500,500
501,501
502,502
503,503
504,504
505,505
506,505
507,505
508,505
509,505
510,505
511,505
512,505
513,505
514,505
515,505
516,505
517,505
518,505
519,505
520,506
521,507
522,508
523,509
524,510
525,511
526,512
527,513
528,514
529,515
530,516
531,517
532,518
533,519
534,520
535,521
536,522
537,523
538,524
539,525
540,526
541,527
542,528
543,529
544,530
545,531
546,532
547,533
548,534
549,535
550,536
551,537
552,538
553,539
554,540
555,541
556,542
557,543
558,544
559,545
560,546
561,547
562,548
563,549
564,550
565,551
566,552
567,553
568,554
569,555
570,556
571,557
572,558
573,559
574,560
575,561
576,562
577,563
578,564
579,565
580,566
581,567
582,568
583,569
584,570
585,571
586,572
587,573
588,574
589,575
590,576
591,577
592,578
593,579
594,580
595,581
596,582
597,583
598,584
599,585
600,586
601,587
602,588
603,589
604,590
605,591
606,592
607,593
608,594
609,595
610,596
611,597
612,598
613,599
614,600
615,601
616,602
617,603
618,604
619,605
620,606
621,607
622,608
623,609
624,610
625,611
626,612
627,613
628,614
629,615
630,616
631,617
632,618
633,619
634,620
635,621
636,622
637,623
638,624
639,625
640,626
641,627
642,628
643,629
644,630
645,631
646,632
647,633
648,634
649,635
650,636
651,637
652,638
653,639
654,640
655,641
656,642
657,643
658,644
659,645
660,646
661,647
662,648
663,649
664,650
665,651
666,652
667,653
668,654
669,655
670,656
671,657
672,658
673,659
674,660
675,661
676,662
677,663
678,664
679,665
680,666
681,667
682,668
683,669
684,670
685,671
686,672
687,673
688,674
689,675
690,676
691,677
692,678
693,679
694,680
695,681
696,682
697,683
698,684
699,685
700,686
701,687
702,688
703,689
704,690
705,691
706,692
707,693
708,694
709,695
710,696
711,697
712,698
713,699
714,700
715,701
716,702
717,703
718,704
719,705
720,706
721,707
722,708
723,709
724,710
725,711
726,712
727,713
728,714
729,715
730,716
731,717
732,718
733,719
734,720
735,721
736,722
737,723
738,724
739,725
740,726
741,727
742,728
743,729
744,730
745,731
746,732
747,733
748,734
749,735
750,736
751,737
752,738
753,739
754,740
755,741
756,742
757,743
758,744
759,745
760,746
761,747
762,748
763,749
764,750
765,751
766,752
767,753
768,754
769,755
770,756
771,757
772,758
773,759
774,760
775,761
776,762
777,763
778,764
779,765
780,766
781,767
782,768
783,769
784,770
785,771
786,772
787,773
788,774
789,775
790,776
791,777
792,778
793,779
794,780
795,781
796,782
797,783
798,784
799,785
800,786
801,787
802,788
803,789
804,790
805,791
806,792
807,793
808,794
809,795
810,796
811,797
812,798
813,799
814,800
815,801
816,802
817,803
818,804
819,805
820,806
821,807
822,808
823,809
824,810
825,811
826,812
827,813
828,814
829,815
830,816
831,817
832,818
833,819
834,820
835,821
836,822
837,823
838,824
839,825
840,826
841,827
842,828
843,829
844,830
845,831
846,832
847,833
848,834
849,835
850,836
851,837
852,838
853,839
854,840
855,841
856,842
857,843
858,844
859,845
860,846
861,847
862,848
863,849
864,850
865,851
866,852
867,853
868,854
869,855
870,856
871,857
872,858
873,859
874,860
875,861
876,862
877,863
878,864
879,865
880,866
881,867
882,868
883,869
884,870
885,871
886,872
887,873
888,874
889,875
890,876
891,877
892,878
893,879
894,880
895,881
896,882
897,883
898,884
899,885
900,886
901,887
902,888
903,889
904,890
905,891
906,892
907,893
908,894
909,895
910,896
911,897
912,898
913,899
914,900
915,901
916,902
917,903
918,904
919,905
920,906
921,907
922,908
923,909
924,910
925,911
926,912
927,913
928,914
929,915
930,916
931,917
932,918
933,919
934,920
935,921
936,922
937,923
938,924
939,925
940,926
941,927
942,928
943,929
944,930
945,931
946,932
947,933
948,934
949,935
950,936
951,937
952,938
953,939
954,940
955,941
956,942
957,943
958,944
959,945
960,946
961,947
962,948
963,949
964,950
965,951
966,952
967,953
968,954
969,955
970,956
971,957
972,958
973,959
974,960
975,961
976,962
977,963
978,964
979,965
980,966
981,967
982,968
983,969
984,970
985,971
986,972
987,973
988,974
989,975
990,976
991,977
992,978
993,979
994,980
995,981
996,982
997,983
998,984
999,985
1000,986
1001,987
1002,988
1003,989
1004,990
1005,991
1006,992
1007,993
1008,994
1009,995
1010,996
1011,997
1012,998
1013,999
1014,1000
1015,1001
1016,1002
1017,1003
1018,1004
1019,1005
1020,1006
1021,1007
1022,1008
1023,1009
1024,1010
1025,1011
1026,1012
1027,1013
1028,1014
1029,1015
1030,1016
1031,1017
1032,1018
1033,1019
1034,1020
1035,1021
1036,1022
1037,1023
1038,1024
1039,1025
1040,1026
1041,1027
1042,1028
1043,1029
1044,1030
1045,1031
1046,1032
1047,1033
1048,1034
1049,1035
1050,1036
1051,1037
1052,1038
1053,1039
1054,1040
1055,1041
1056,1042
1057,1043
1058,1044
1059,1045
1060,1046
1061,1047
1062,1048
1063,1049
1064,1050
1065,1051
1066,1052
1067,1053
1068,1054
1069,1055
1070,1056
1071,1057
1072,1058
1073,1059
1074,1060
1075,1061
1076,1062
1077,1063
1078,1064
1079,1065
1080,1066
1081,1067
1082,1068
1083,1069
1084,1070
1085,1071
1086,1072
1087,1073
1088,1074
1089,1075
1090,1076
1091,1077
1092,1078
1093,1079
1094,1080
1095,1081
1096,1082
1097,1083
1098,1084
1099,1085
1100,1086
1101,1087
1102,1088
1103,1089
1104,1090
1105,1091
1106,1092
1107,1093
1108,1094
1109,1095
1110,1096
1111,1097
1112,1098
1113,1099
1114,1100
1115,1101
1116,1102
1117,1103
1118,1104
1119,1105
1120,1106
1121,1107
1122,1108
1123,1109
1124,1110
1125,1111
1126,1112
1127,1113
1128,1114
1129,1115
1130,1116
1131,1117
1132,1118
1133,1119
1134,1120
1135,1121
1136,1122
1137,1123
1138,1124
1139,1125
1140,1126
1141,1127
1142,1128
1143,1129
1144,1130
1145,1131
1146,1132
1147,1133
1148,1134
1149,1135
1150,1136
1151,1137
1152,1138
1153,1139
1154,1140
1155,1141
1156,1142
1157,1143
1158,1144
1159,1145
1160,1146
1161,1147
1162,1148
1163,1149
1164,1150
1165,1151
1166,1152
1167,1153
1168,1154
1169,1155
1170,1156
1171,1157
1172,1158
1173,1159
1174,1160
1175,1161
1176,1162
1177,1163
1178,1164
1179,1165
1180,1166
1181,1167
1182,1168
1183,1169
1184,1170
1185,1171
1186,1172
1187,1173
1188,1174
1189,1175
1190,1176
1191,1177
1192,1178
1193,1179
1194,1180
1195,1181
1196,1182
1197,1183
1198,1184
1199,1185
1200,1186
1201,1187
1202,1188
1203,1189
1204,1190
1205,1191
1206,1192
1207,1193
1208,1194
1209,1195
1210,1196
1211,1197
1212,1198
1213,1199
1214,1200
1215,1201
1216,1202
1217,1203
1218,1204
1219,1205
1220,1206
1221,1207
1222,1208
1223,1209
1224,1210
1225,1211
1226,1212
1227,1213
1228,1214
1229,1215
1230,1216
1231,1217
1232,1218
1233,1219
1234,1220
1235,1221
1236,1222
1237,1223
1238,1224
1239,1225
1240,1226
1241,1227
1242,1228
1243,1229
1244,1230
1245,1231
1246,1232
1247,1233
1248,1234
1249,1235
1250,1236
1251,1237
1252,1238
1253,1239
1254,1240
1255,1241
1256,1242
1257,1243
1258,1244
1259,1245
1260,1246
1261,1247
1262,1248
1263,1249
1264,1250
1265,1251
1266,1252
1267,1253
1268,1254
1269,1255
1270,1256
1271,1257
1272,1258
1273,1259
1274,1260
1275,1261
1276,1262
1277,1263
1278,1264
1279,1265
1280,1266
1281,1267
1282,1268
1283,1269
1284,1270
1285,1271
1286,1272
1287,1273
1288,1274
1289,1275
1290,1276
1291,1277
1292,1278
1293,1279
1294,1280
1295,1281
1296,1282
1297,1283
1298,1284
1299,1285
1300,1286
1301,1287
1302,1288
1303,1289
1304,1290
1305,1291
1306,1292
1307,1293
1308,1294
1309,1295
1310,1296
1311,1297
1312,1298
1313,1299
1314,1300
1315,1301
1316,1302
1317,1303
1318,1304
1319,1305
1320,1306
1321,1307
1322,1308
1323,1309
1324,1310
1325,1311
1326,1312
1327,1313
1328,1314
1329,1315
1330,1316
1331,1317
1332,1318
1333,1319
1334,1320
1335,1321
1336,1322
1337,1323
1338,1324
1339,1325
1340,1326
1341,1327
1342,1328
1343,1329
1344,1330
1345,1331
1346,1332
1347,1333
1348,1334
1349,1335
1350,1336
1351,1337
1352,1338
1353,1339
1354,1340
1355,1341
1356,1342
1357,1343
1358,1344
1359,1345
1360,1346
1361,1347
1362,1348
1363,1349
1364,1350
1365,1351
1366,1352
1367,1353
1368,1354
1369,1355
1370,1356
1371,1357
1372,1358
1373,1359
1374,1360
1375,1361
1376,1362
1377,1363
1378,1364
1379,1365
1380,1366
1381,1367
1382,1368
1383,1369
1384,1370
1385,1371
1386,1372
1387,1373
1388,1374
1389,1375
1390,1376
1391,1377
1392,1378
1393,1379
1394,1380
1395,1381
1396,1382
1397,1383
1398,1384
1399,1385
1400,1386
1401,1387
1402,1388
1403,1389
1404,1390
1405,1391
1406,1392
1407,1393
1408,1394
1409,1395
1410,1396
1411,1397
1412,1398
1413,1399
1414,1400
1415,1401
1416,1402
1417,1403
1418,1404
1419,1405
1420,1406
1421,1407
1422,1408
1423,1409
1424,1410
1425,1411
1426,1412
1427,1413
1428,1414
1429,1415
1430,1416
1431,1417
1432,1418
1433,1419
1434,1420
1435,1421
1436,1422
1437,1423
1438,1424
1439,1425
1440,1426
1441,1427
1442,1428
1443,1429
1444,1430
1445,1431
1446,1432
1447,1433
1448,1434
1449,1435
1450,1436
1451,1437
1452,1438
1453,1439
1454,1440
1455,1441
1456,1442
1457,1443
1458,1444
1459,1445
1460,1446
1461,1447
1462,1448
1463,1449
1464,1450
1465,1451
1466,1452
1467,1453
1468,1454
1469,1455
1470,1456
1471,1457
1472,1458
1473,1459
1474,1460
1475,1461
1476,1462
1477,1463
1478,1464
1479,1465
1480,1466
1481,1467
1482,1468
1483,1469
1484,1470
1485,1471
1486,1472
1487,1473
1488,1474
1489,1475
1490,1476
1491,1477
1492,1478
1493,1479
1494,1480
1495,1481
1496,1482
1497,1483
1498,1484
1499,1485
1500,1486
1501,1487
1502,1488
1503,1489
1504,1490
1505,1491
1506,1492
1507,1493
1508,1494
1509,1495
1510,1496
1511,1497
1512,1498
1513,1499
1514,1500
1515,1501
1516,1502
1517,1503
1518,1504
1519,1505
1520,1506
1521,1507
1522,1508
1523,1509
1524,1510
1525,1511
1526,1512
1527,1513
1528,1514
1529,1515
1530,1516
1531,1517
1532,1518
1533,1519
1534,1520
1535,1521
1536,1522
1537,1523
1538,1524
1539,1525
1540,1526
1541,1527
1542,1528
1543,1529
1544,1530
1545,1531
1546,1532
1547,1533
1548,1534
1549,1535
1550,1536
1551,1537
1552,1538
1553,1539
1554,1540
1555,1541
1556,1542
1557,1543
1558,1544
1559,1545
1560,1546
1561,1547
1562,1548
1563,1549
1564,1550
1565,1551
1566,1552
1567,1553
1568,1554
1569,1555
1570,1556
1571,1557
1572,1558
1573,1559
1574,1560
1575,1561
1576,1562
1577,1563
1578,1564
1579,1565
1580,1566
1581,1567
1582,1568
1583,1569
1584,1570
1585,1571
1586,1572
1587,1573
1588,1574
1589,1575
1590,1576
1591,1577
1592,1578
1593,1579
1594,1580
1595,1581
1596,1582
1597,1583
1598,1584
1599,1585
1600,1586
1601,1587
1602,1588
1603,1589
1604,1590
1605,1591
1606,1592
1607,1593
1608,1594
1609,1595
1610,1596
1611,1597
1612,1598
1613,1599
1614,1600
1615,1601
1616,1602
1617,1603
1618,1604
1619,1605
1620,1606
1621,1607
1622,1608
1623,1609
1624,1610
1625,1611
1626,1612
1627,1613
1628,1614
1629,1615
1630,1616
1631,1617
1632,1618
1633,1619
1634,1620
1635,1621
1636,1622
1637,1623
1638,1624
1639,1625
1640,1626
1641,1627
1642,1628
1643,1629
1644,1630
1645,1631
1646,1632
1647,1633
1648,1634
1649,1635
1650,1636
1651,1637
1652,1638
1653,1639
1654,1640
1655,1641
1656,1642
1657,1643
1658,1644
1659,1645
1660,1646
1661,1647
1662,1648
1663,1649
1664,1650
1665,1651
1666,1652
1667,1653
1668,1654
1669,1655
1670,1656
1671,1657
1672,1658
1673,1659
1674,1660
1675,1661
1676,1662
1677,1663
1678,1664
1679,1665
1680,1666
1681,1667
1682,1668
1683,1669
1684,1670
1685,1671
1686,1672
1687,1673
1688,1674
1689,1675
1690,1676
1691,1677
1692,1678
1693,1679
1694,1680
1695,1681
1696,1682
1697,1683
1698,1684
1699,1685
1700,1686
1701,1687
1702,1688
1703,1689
1704,1690
1705,1691
1706,1692
1707,1693
1708,1694
1709,1695
1710,1696
1711,1697
1712,1698
1713,1699
1714,1700
1715,1701
1716,1702
1717,1703
1718,1704
1719,1705
1720,1706
1721,1707
1722,1708
1723,1709
1724,1710
1725,1711
1726,1712
1727,1713
1728,1714
1729,1715
1730,1716
1731,1717
1732,1718
1733,1719
1734,1720
1735,1721
1736,1722
1737,1723
1738,1724
1739,1725
1740,1726
1741,1727
1742,1728
1743,1729
1744,1730
1745,1731
1746,1732
1747,1733
1748,1734
1749,1735
1750,1736
1751,1737
1752,1738
1753,1739
1754,1740
1755,1741
1756,1742
1757,1743
1758,1744
1759,1745
1760,1746
1761,1747
1762,1748
1763,1749
1764,1750
1765,1751
1766,1752
1767,1753
1768,1754
1769,1755
1770,1756
1771,1757
1772,1758
1773,1759
1774,1760
1775,1761
1776,1762
1777,1763
1778,1764
1779,1765
1780,1766
1781,1767
1782,1768
1783,1769
1784,1770
1785,1771
1786,1772
1787,1773
1788,1774
1789,1775
1790,1776
1791,1777
1792,1778
1793,1779
1794,1780
1795,1781
1796,1782
1797,1783
1798,1784
1799,1785
1800,1786
1801,1787
1802,1788
1803,1789
1804,1790
1805,1791
1806,1792
1807,1793
1808,1794
1809,1795
1810,1796
1811,1797
1812,1798
1813,1799
1814,1800
1815,1801
1816,1802
1817,1803
1818,1804
1819,1805
1820,1806
1821,1807
1822,1808
1823,1809
1824,1810
1825,1811
1826,1812
1827,1813
1828,1814
1829,1815
1830,1816
1831,1817
1832,1818
1833,1819
1834,1820
1835,1821
1836,1822
1837,1823
1838,1824
1839,1825
1840,1826
1841,1827
1842,1828
1843,1829
1844,1830
1845,1831
1846,1832
1847,1833
1848,1834
1849,1835
1850,1836
1851,1837
1852,1838
1853,1839
1854,1840
1855,1841
1856,1842
1857,1843
1858,1844
1859,1845
1860,1846
1861,1847
1862,1848
1863,1849
1864,1850
1865,1851
1866,1852
1867,1853
1868,1854
1869,1855
1870,1856
1871,1857
1872,1858
1873,1859
1874,1860
1875,1861
1876,1862
1877,1863
1878,1864
1879,1864
1880,1864
1881,1864
1882,1864
1883,1864
1884,1864
1885,1864
1886,1864
1887,1864
1888,1864
1889,1864
1890,1864
1891,1864
1892,1864
1893,1864
1894,1864
1895,1864
1896,1864
1897,1864
1898,1864
1899,1864
1900,1864
1901,1864
1902,1864
1903,1864
1904,1864
1905,1864
1906,1864
1907,1864
1908,1864
1909,1864
1910,1864
1911,1864
1912,1864
1913,1864
1914,1864
1915,1864
1916,1864
1917,1864
1918,1864
1919,1864
1920,1864
1921,1864
1922,1864
1923,1864
1924,1864
1925,1864
1926,1864
1927,1864
1928,1864
1929,1864
1930,1864
1931,1864
1932,1864
1933,1864
1934,1864
1935,1864
1936,1864
1937,1864
1938,1864
1939,1864
1940,1864
1941,1864
1942,1864
1943,1864
1944,1864
1945,1865
1946,1866
1947,1867
1948,1868
1949,1869
1950,1870
1951,1871
1952,1872
1953,1873
1954,1874
1955,1875
1956,1876
1957,1877
1958,1878
1959,1879
1960,1880
1961,1881
1962,1882
1963,1883
1964,1884
1965,1885
1966,1886
1967,1887
1968,1888
1969,1889
1970,1890
1971,1891
1972,1892
1973,1893
1974,1894
1975,1895
1976,1896
1977,1897
1978,1898
1979,1899
1980,1900
1981,1901
1982,1902
1983,1903
1984,1904
1985,1905
1986,1906
1987,1907
1988,1908
1989,1909
1990,1910
1991,1911
1992,1912
1993,1913
1994,1914
1995,1915
1996,1916
1997,1917
1998,1918
1999,1919
2000,1920
2001,1921
2002,1922
2003,1923
2004,1924
2005,1925
2006,1926
2007,1927
2008,1928
2009,1929
2010,1930
2011,1931
2012,1932
2013,1933
2014,1934
2015,1935
2016,1936
2017,1937
2018,1938
2019,1939
2020,1940
2021,1941
2022,1942
2023,1943
2024,1944
2025,1945
2026,1946
2027,1947
2028,1948
2029,1949
2030,1950
2031,1951
2032,1952
2033,1953
2034,1954
2035,1955
2036,1956
2037,1957
2038,1958
2039,1959
2040,1960
2041,1961
2042,1962
2043,1963
2044,1964
2045,1965
2046,1966
2047,1967
2048,1968
2049,1969
2050,1970
2051,1971
2052,1972
2053,1973
2054,1974
2055,1975
2056,1976
2057,1977
2058,1978
2059,1979
2060,1980
2061,1981
2062,1982
2063,1983
2064,1984
2065,1985
2066,1986
2067,1987
2068,1988
2069,1989
2070,1990
2071,1991
2072,1992
2073,1993
2074,1994
2075,1995
2076,1996
2077,1997
2078,1998
2079,1999
2080,2000
2081,2001
2082,2002
2083,2003
2084,2004
2085,2005
2086,2006
2087,2007
2088,2008
2089,2009
2090,2010
2091,2011
2092,2012
2093,2013
2094,2014
2095,2015
2096,2016
2097,2017
2098,2018
2099,2019
2100,2020
2101,2021
2102,2022
2103,2023
2104,2024
2105,2025
2106,2026
2107,2027
2108,2028
2109,2029
2110,2030
2111,2031
2112,2032
2113,2033
2114,2034
2115,2035
2116,2036
2117,2037
2118,2038
2119,2039
2120,2040
2121,2041
2122,2042
2123,2043
2124,2044
2125,2045
2126,2046
2127,2047
2128,2048
2129,2049
2130,2050
2131,2051
2132,2052
2133,2053
2134,2054
2135,2055
2136,2056
2137,2057
2138,2058
2139,2059
2140,2060
2141,2061
2142,2062
2143,2063
2144,2064
2145,2065
2146,2066
2147,2067
2148,2068
2149,2069
2150,2070
2151,2071
2152,2072
2153,2073
2154,2074
2155,2075
2156,2076
2157,2077
2158,2078
2159,2079
2160,2080
2161,2081
2162,2082
2163,2083
2164,2084
2165,2085
2166,2086
2167,2087
2168,2088
2169,2089
2170,2090
2171,2091
2172,2092
2173,2093
2174,2094
2175,2095
2176,2096
2177,2097
2178,2098
2179,2099
2180,2100
2181,2101
2182,2102
2183,2103
2184,2104
2185,2105
2186,2106
2187,2107
2188,2108
2189,2109
2190,2110
2191,2111
2192,2112
2193,2113
2194,2114
2195,2115
2196,2116
2197,2117
2198,2118
2199,2119
2200,2120
2201,2121
2202,2122
2203,2123
2204,2124
2205,2125
2206,2126
2207,2127
2208,2128
2209,2129
2210,2130
2211,2131
2212,2132
2213,2133
2214,2134
2215,2135
2216,2136
2217,2137
2218,2138
2219,2139
2220,2140
2221,2141
2222,2142
2223,2143
2224,2144
2225,2145
2226,2146
2227,2147
2228,2148
2229,2149
2230,2150
2231,2151
2232,2152
2233,2153
2234,2154
2235,2155
2236,2156
2237,2157
2238,2158
2239,2159
2240,2160
2241,2161
2242,2162
2243,2163
2244,2164
2245,2165
2246,2166
2247,2167
2248,2168
2249,2169
2250,2170
2251,2171
2252,2172
2253,2173
2254,2174
2255,2175
2256,2176
2257,2177
2258,2178
2259,2179
2260,2180
2261,2181
2262,2182
2263,2183
2264,2184
2265,2185
2266,2186
2267,2187
2268,2188
2269,2189
2270,2190
2271,2191
2272,2192
2273,2193
2274,2194
2275,2195
2276,2196
2277,2197
2278,2198
2279,2199
2280,2200
2281,2201
2282,2202
2283,2203
2284,2204
2285,2205
2286,2206
2287,2207
2288,2208
2289,2209
2290,2210
2291,2211
2292,2212
2293,2213
2294,2214
2295,2215
2296,2216
2297,2217
2298,2218
2299,2219
2300,2220
2301,2221
2302,2222
2303,2223
2304,2224
2305,2225
2306,2226
2307,2227
2308,2228
2309,2229
2310,2230
2311,2231
2312,2232
2313,2233
2314,2234
2315,2235
2316,2236
2317,2237
2318,2238
2319,2239
2320,2240
2321,2241
2322,2242
2323,2243
2324,2244
2325,2245
2326,2246
2327,2247
2328,2248
2329,2249
2330,2250
2331,2251
2332,2252
2333,2253
2334,2254
2335,2255
2336,2256
2337,2257
2338,2258
2339,2259
2340,2260
2341,2261
2342,2262
2343,2263
2344,2264
2345,2265
2346,2266
2347,2267
2348,2268
2349,2269
2350,2270
2351,2271
2352,2272
2353,2273
2354,2274
2355,2275
2356,2276
2357,2277
2358,2278
2359,2279
2360,2280
2361,2281
2362,2282
2363,2283
2364,2284
2365,2285
2366,2286
2367,2287
2368,2287
2369,2287
2370,2287
2371,2287
2372,2287
2373,2287
2374,2287
2375,2287
2376,2287
2377,2287
2378,2287
2379,2287
2380,2287
2381,2287
2382,2287
2383,2287
2384,2287
2385,2287
2386,2287
2387,2287
2388,2287
2389,2287
2390,2287
2391,2287
2392,2287
2393,2287
2394,2287
2395,2287
2396,2287
2397,2287
2398,2287
2399,2287
2400,2287
2401,2287
2402,2287
2403,2287
2404,2287
2405,2287
2406,2287
2407,2287
2408,2287
2409,2287
2410,2287
2411,2287
2412,2287
2413,2287
2414,2287
2415,2287
2416,2287
2417,2287
2418,2287
2419,2287
2420,2287
2421,2287
2422,2287
2423,2287
2424,2287
2425,2287
2426,2287
2427,2287
2428,2287
2429,2287
2430,2287
2431,2287
2432,2287
2433,2287
2434,2287
2435,2287
2436,2287
2437,2287
2438,2287
2439,2287
2440,2287
2441,2287
2442,2287
2443,2287
2444,2287
2445,2287
2446,2287
2447,2287
2448,2287
2449,2287
2450,2287
2451,2287
2452,2287
2453,2287
2454,2287
2455,2287
2456,2287
2457,2287
2458,2287
2459,2287
2460,2287
2461,2287
2462,2287
2463,2287
2464,2287
2465,2288
2466,2289
2467,2290
2468,2291
2469,2292
2470,2293
2471,2294
2472,2295
2473,2296
2474,2297
2475,2298
2476,2299
2477,2300
2478,2301
2479,2302
2480,2303
2481,2304
2482,2305
2483,2306
2484,2307
2485,2308
2486,2309
2487,2310
2488,2311
2489,2312
2490,2313
2491,2314
2492,2315
2493,2316
2494,2317
2495,2318
2496,2319
2497,2320
2498,2321
2499,2322
2500,2323
2501,2324
2502,2325
2503,2326
2504,2327
2505,2328
2506,2329
2507,2330
2508,2331
2509,2332
2510,2333
2511,2334
2512,2335
2513,2336
2514,2337
2515,2338
2516,2339
2517,2340
2518,2341
2519,2342
2520,2343
2521,2344
2522,2345
2523,2346
2524,2347
2525,2348
2526,2349
2527,2350
2528,2351
2529,2352
2530,2353
2531,2354
2532,2355
2533,2356
2534,2357
2535,2358
2536,2359
2537,2360
2538,2361
2539,2362
2540,2363
2541,2364
2542,2365
2543,2366
2544,2367
2545,2368
2546,2369
2547,2370
2548,2371
2549,2372
2550,2373
2551,2374
2552,2375
2553,2376
2554,2377
2555,2378
2556,2379
2557,2380
2558,2381
2559,2382
2560,2383
2561,2384
2562,2385
2563,2386
2564,2387
2565,2388
2566,2389
2567,2390
2568,2391
2569,2392
2570,2393
2571,2394
2572,2395
2573,2396
2574,2397
2575,2398
2576,2399
2577,2400
2578,2401
2579,2402
2580,2403
2581,2404
2582,2405
2583,2406
2584,2407
2585,2408
2586,2409
2587,2410
2588,2411
2589,2412
2590,2413
2591,2414
2592,2415
2593,2416
2594,2417
2595,2418
2596,2419
2597,2420
2598,2421
2599,2422
2600,2423
2601,2424
2602,2425
2603,2426
2604,2427
2605,2428
2606,2429
2607,2430
2608,2431
2609,2432
2610,2433
2611,2434
2612,2435
2613,2436
2614,2437
2615,2438
2616,2439
2617,2440
2618,2441
2619,2442
2620,2443
2621,2444
2622,2445
2623,2446
2624,2447
2625,2448
2626,2449
2627,2450
2628,2451
2629,2452
2630,2453
2631,2454
2632,2455
2633,2456
2634,2457
2635,2458
2636,2459
2637,2460
2638,2461
2639,2462
2640,2463
2641,2464
2642,2465
2643,2466
2644,2467
2645,2468
2646,2469
2647,2470
2648,2471
2649,2472
2650,2473
2651,2474
2652,2475
2653,2476
2654,2477
2655,2478
2656,2479
2657,2480
2658,2481
2659,2482
2660,2483
2661,2484
2662,2485
2663,2486
2664,2487
2665,2488
2666,2489
2667,2490
2668,2491
2669,2492
2670,2493
2671,2494
2672,2495
2673,2496
2674,2497
2675,2498
2676,2499
2677,2500
2678,2501
2679,2502
2680,2503
2681,2504
2682,2505
2683,2506
2684,2507
2685,2508
2686,2509
2687,2510
2688,2511
2689,2512
2690,2513
2691,2514
2692,2515
2693,2516
2694,2517
2695,2518
2696,2519
2697,2520
2698,2521
2699,2522
2700,2523
2701,2524
2702,2525
2703,2526
2704,2527
2705,2528
2706,2529
2707,2530
2708,2531
2709,2532
2710,2533
2711,2534
2712,2535
2713,2536
2714,2537
2715,2538
2716,2539
2717,2540
2718,2541
2719,2542
2720,2543
2721,2544
2722,2545
2723,2546
2724,2547
2725,2548
2726,2549
2727,2550
2728,2551
2729,2552
2730,2553
2731,2554
2732,2555
2733,2556
2734,2557
2735,2558
2736,2559
2737,2560
2738,2561
2739,2562
2740,2563
2741,2564
2742,2565
2743,2566
2744,2567
2745,2568
2746,2569
2747,2570
2748,2571
2749,2572
2750,2573
2751,2574
2752,2575
2753,2576
2754,2577
2755,2578
2756,2579
2757,2580
2758,2581
2759,2582
2760,2583
2761,2584
2762,2585
2763,2586
2764,2587
2765,2588
2766,2589
2767,2590
2768,2591
2769,2592
2770,2593
2771,2594
2772,2595
2773,2596
2774,2597
2775,2598
2776,2599
2777,2600
2778,2601
2779,2602
2780,2603
2781,2604
2782,2605
2783,2606
2784,2607
2785,2608
2786,2609
2787,2610
2788,2611
2789,2612
2790,2613
2791,2614
2792,2615
2793,2616
2794,2617
2795,2618
2796,2619
2797,2620
2798,2621
2799,2622
2800,2623
2801,2624
2802,2625
2803,2626
2804,2627
2805,2628
2806,2629
2807,2630
2808,2631
2809,2632
2810,2633
2811,2634
2812,2635
2813,2636
2814,2637
2815,2638
2816,2639
2817,2640
2818,2641
2819,2642
2820,2643
2821,2644
2822,2645
2823,2646
2824,2647
2825,2648
2826,2649
2827,2650
2828,2651
2829,2652
2830,2653
2831,2654
2832,2655
2833,2656
2834,2657
2835,2658
2836,2659
2837,2660
2838,2661
2839,2662
2840,2663
2841,2664
2842,2665
2843,2666
2844,2667
2845,2668
2846,2669
2847,2670
2848,2671
2849,2672
2850,2673
2851,2674
2852,2675
2853,2676
2854,2677
2855,2678
2856,2679
2857,2680
2858,2681
2859,2682
2860,2683
2861,2684
2862,2685
2863,2686
2864,2687
2865,2688
2866,2689
2867,2690
2868,2691
2869,2692
2870,2693
2871,2694
2872,2695
2873,2696
2874,2697
2875,2698
2876,2699
2877,2700
2878,2701
2879,2702
2880,2703
2881,2704
2882,2705
2883,2706
2884,2707
2885,2708
2886,2709
2887,2710
2888,2711
2889,2712
2890,2713
2891,2714
2892,2715
2893,2716
2894,2717
2895,2718
2896,2719
2897,2720
2898,2721
2899,2722
2900,2723
2901,2724
2902,2725
2903,2726
2904,2727
2905,2728
2906,2729
2907,2730
2908,2731
2909,2732
2910,2733
2911,2734
2912,2735
2913,2736
2914,2737
2915,2738
2916,2739
2917,2740
2918,2741
2919,2742
2920,2743
2921,2744
2922,2745
2923,2746
2924,2747
2925,2748
2926,2749
2927,2750
2928,2751
2929,2752
2930,2753
2931,2754
2932,2755
2933,2756
2934,2757
2935,2758
2936,2759
2937,2760
2938,2761
2939,2762
2940,2763
2941,2764
2942,2765
2943,2766
2944,2767
2945,2768
2946,2769
2947,2770
2948,2771
2949,2772
2950,2773
2951,2774
2952,2775
2953,2776
2954,2777
2955,2778
2956,2779
2957,2780
2958,2781
2959,2782
2960,2783
2961,2784
2962,2785
2963,2786
2964,2787
2965,2788
2966,2789
2967,2790
2968,2791
2969,2792
2970,2793
2971,2794
2972,2795
2973,2796
2974,2797
2975,2798
2976,2799
2977,2800
2978,2801
2979,2802
2980,2803
2981,2804
2982,2805
2983,2806
2984,2807
2985,2808
2986,2809
2987,2810
2988,2811
2989,2812
2990,2813
2991,2814
2992,2815
2993,2816
2994,2817
2995,2818
2996,2819
2997,2820
2998,2821
2999,2822
3000,2823
3001,2824
3002,2825
3003,2826
3004,2827
3005,2828
3006,2829
3007,2830
3008,2831
3009,2832
3010,2833
3011,2834
3012,2835
3013,2836
3014,2837
3015,2838
3016,2839
3017,2840
3018,2841
3019,2842
3020,2843
3021,2844
3022,2845
3023,2846
3024,2847
3025,2848
3026,2849
3027,2850
3028,2851
3029,2852
3030,2853
3031,2854
3032,2855
3033,2855
3034,2855
3035,2855
3036,2855
3037,2855
3038,2855
3039,2855
3040,2855
3041,2855
3042,2855
3043,2855
3044,2855
3045,2855
3046,2855
3047,2855
3048,2855
3049,2855
3050,2855
3051,2855
3052,2855
3053,2855
3054,2855
3055,2855
3056,2855
3057,2855
3058,2855
3059,2855
3060,2855
3061,2855
3062,2855
3063,2855
3064,2855
3065,2855
3066,2855
3067,2855
3068,2855
3069,2855
3070,2855
3071,2855
3072,2855
3073,2855
3074,2855
3075,2855
3076,2855
3077,2855
3078,2855
3079,2855
3080,2855
3081,2855
3082,2855
3083,2855
3084,2855
3085,2855
3086,2855
3087,2855
3088,2855
3089,2855
3090,2855
3091,2855
3092,2855
3093,2855
3094,2855
3095,2855
3096,2855
3097,2855
3098,2855
3099,2855
3100,2855
3101,2855
3102,2855
3103,2855
3104,2855
3105,2855
3106,2855
3107,2855
3108,2855
3109,2855
3110,2855
3111,2855
3112,2855
3113,2855
3114,2855
3115,2855
3116,2855
3117,2855
3118,2855
3119,2855
3120,2855
3121,2855
3122,2855
3123,2855
3124,2855
3125,2855
3126,2855
3127,2855
3128,2855
3129,2855
3130,2855
3131,2855
3132,2855
3133,2855
3134,2855
3135,2855
3136,2855
3137,2855
3138,2855
3139,2855
3140,2855
3141,2855
3142,2855
3143,2855
3144,2855
3145,2855
3146,2855
3147,2855
3148,2855
3149,2855
3150,2855
3151,2855
3152,2855
3153,2855
3154,2855
3155,2855
3156,2855
3157,2855
3158,2855
3159,2855
3160,2855
3161,2855
3162,2855
3163,2855
3164,2855
3165,2855
3166,2855
3167,2855
3168,2855
3169,2855
3170,2855
3171,2855
3172,2855
3173,2855
3174,2855
3175,2855
3176,2855
3177,2855
3178,2855
3179,2855
3180,2855
3181,2855
3182,2855
3183,2855
3184,2855
3185,2855
3186,2855
3187,2855
3188,2855
3189,2855
3190,2855
3191,2855
3192,2855
3193,2855
3194,2855
3195,2855
3196,2855
3197,2855
3198,2855
3199,2855
3200,2855
3201,2855
3202,2855
3203,2855
3204,2855
3205,2855
3206,2855
3207,2855
3208,2855
3209,2855
3210,2855
3211,2855
3212,2855
3213,2855
3214,2855
3215,2855
3216,2855
3217,2855
3218,2855
3219,2855
3220,2855
3221,2855
3222,2855
3223,2855
3224,2855
3225,2855
3226,2855
3227,2855
3228,2855
3229,2855
3230,2855
3231,2855
3232,2855
3233,2855
3234,2855
3235,2855
3236,2855
3237,2855
3238,2855
3239,2855
3240,2855
3241,2855
3242,2855
3243,2855
3244,2855
3245,2855
3246,2855
3247,2855
3248,2855
3249,2855
3250,2855
3251,2855
3252,2855
3253,2855
3254,2855
3255,2855
3256,2855
3257,2855
3258,2855
3259,2855
3260,2855
3261,2855
3262,2855
3263,2855
3264,2855
3265,2855
3266,2855
3267,2855
3268,2855
3269,2855
3270,2855
3271,2855
3272,2855
3273,2855
3274,2855
3275,2855
3276,2855
3277,2855
3278,2855
3279,2855
3280,2855
3281,2855
3282,2855
3283,2855
3284,2855
3285,2855
3286,2855
3287,2855
3288,2855
3289,2855
3290,2855
3291,2855
3292,2855
3293,2855
3294,2855
3295,2855
3296,2855
3297,2855
3298,2855
3299,2855
3300,2855
3301,2855
3302,2855
3303,2855
3304,2855
3305,2855
3306,2855
3307,2855
3308,2855
3309,2855
3310,2855
3311,2855
3312,2855
3313,2855
3314,2855
3315,2855
3316,2855
3317,2855
3318,2855
3319,2855
3320,2855
3321,2855
3322,2855
3323,2855
3324,2855
3325,2855
3326,2855
3327,2855
3328,2855
3329,2855
3330,2855
3331,2855
3332,2855
3333,2855
3334,2855
3335,2855
3336,2855
3337,2855
3338,2855
3339,2855
3340,2855
3341,2855
3342,2855
3343,2855
3344,2855
3345,2855
3346,2855
3347,2855
3348,2855
3349,2855
3350,2855
3351,2855
3352,2855
3353,2855
3354,2855
3355,2855
3356,2855
3357,2855
3358,2855
3359,2855
3360,2855
3361,2855
3362,2855
3363,2855
3364,2855
3365,2855
3366,2855
3367,2855
3368,2855
3369,2855
3370,2855
3371,2855
3372,2855
3373,2855
3374,2855
3375,2855
3376,2855
3377,2855
3378,2855
3379,2855
3380,2855
3381,2855
3382,2855
3383,2855
3384,2855
3385,2855
3386,2855
3387,2855
3388,2855
3389,2855
3390,2855
3391,2855
3392,2855
3393,2855
3394,2855
3395,2855
3396,2855
3397,2855
3398,2855
3399,2855
3400,2855
3401,2855
3402,2855
3403,2855
3404,2855
3405,2855
3406,2855
3407,2855
3408,2855
3409,2855
3410,2855
3411,2855
3412,2855
3413,2855
3414,2855
3415,2855
3416,2855
3417,2855
3418,2855
3419,2855
3420,2855
3421,2855
3422,2855
3423,2855
3424,2855
3425,2855
3426,2855
3427,2855
3428,2855
3429,2855
3430,2855
3431,2855
3432,2855
3433,2855
3434,2855
3435,2855
3436,2856
3437,2857
3438,2858
3439,2859
3440,2860
3441,2861
3442,2862
3443,2863
3444,2864
3445,2865
3446,2866
3447,2867
3448,2868
3449,2869
3450,2870
3451,2871
3452,2872
3453,2873
3454,2874
3455,2875
3456,2876
3457,2877
3458,2878
3459,2879
3460,2880
3461,2881
3462,2882
3463,2883
3464,2884
3465,2885
3466,2886
3467,2887
3468,2888
3469,2889
3470,2890
3471,2891
3472,2892
3473,2893
3474,2894
3475,2895
3476,2896
3477,2897
3478,2898
3479,2899
3480,2900
3481,2901
3482,2902
3483,2903
3484,2904
3485,2905
3486,2906
3487,2907
3488,2908
3489,2909
3490,2910
3491,2911
3492,2912
3493,2913
3494,2914
3495,2915
3496,2916
3497,2917
3498,2918
3499,2919
3500,2920
3501,2921
3502,2922
3503,2923
3504,2924
3505,2925
3506,2926
3507,2927
3508,2928
3509,2929
3510,2930
3511,2931
3512,2932
3513,2933
3514,2934
3515,2935
3516,2936
3517,2937
3518,2938
3519,2939
3520,2940
3521,2941
3522,2942
3523,2943
3524,2944
3525,2945
3526,2946
3527,2947
3528,2948
3529,2949
3530,2950
3531,2951
3532,2952
3533,2953
3534,2954
3535,2955
3536,2956
3537,2957
3538,2958
3539,2959
3540,2960
3541,2961
3542,2962
3543,2963
3544,2964
3545,2965
3546,2966
3547,2967
3548,2968
3549,2969
3550,2970
3551,2971
3552,2972
3553,2973
3554,2974
3555,2975
3556,2976
3557,2977
3558,2978
3559,2979
3560,2980
3561,2981
3562,2982
3563,2983
3564,2984
3565,2985
3566,2986
3567,2987
3568,2988
3569,2989
3570,2990
3571,2991
3572,2992
3573,2993
3574,2994
3575,2995
3576,2996
3577,2997
3578,2998
3579,2999
3580,3000
3581,3001
3582,3002
3583,3003
3584,3004
3585,3005
3586,3006
3587,3007
3588,3008
3589,3009
3590,3010
3591,3011
3592,3012
3593,3013
3594,3014
3595,3015
3596,3016
3597,3017
3598,3018
3599,3019
3600,3020
3601,3021
3602,3022
3603,3023
3604,3024
3605,3025
3606,3026
3607,3027
3608,3028
3609,3029
3610,3030
3611,3031
3612,3032
3613,3033
3614,3034
3615,3035
3616,3036
3617,3037
3618,3038
3619,3039
3620,3040
3621,3041
3622,3042
3623,3043
3624,3044
3625,3045
3626,3046
3627,3047
3628,3048
3629,3049
3630,3050
3631,3051
3632,3052
3633,3053
3634,3054
3635,3055
3636,3056
3637,3057
3638,3058
3639,3059
3640,3060
3641,3061
3642,3062
3643,3063
3644,3064
3645,3065
3646,3066
3647,3067
3648,3068
3649,3069
3650,3070
3651,3071
3652,3072
3653,3073
3654,3074
3655,3075
3656,3076
3657,3077
3658,3078
3659,3079
3660,3080
3661,3081
3662,3082
3663,3083
3664,3084
3665,3085
3666,3086
3667,3087
3668,3088
3669,3089
3670,3090
3671,3091
3672,3092
3673,3093
3674,3094
3675,3095
3676,3096
3677,3097
3678,3098
3679,3099
3680,3100
3681,3101
3682,3102
3683,3103
3684,3104
3685,3105
3686,3106
3687,3107
3688,3108
3689,3109
3690,3110
3691,3111
3692,3112
3693,3113
3694,3114
3695,3115
3696,3116
3697,3117
3698,3118
3699,3119
3700,3120
3701,3121
3702,3122
3703,3123
3704,3124
3705,3125
3706,3126
3707,3127
3708,3128
3709,3129
3710,3130
3711,3131
3712,3132
3713,3133
3714,3134
3715,3135
3716,3136
3717,3137
3718,3138
3719,3139
3720,3140
3721,3141
3722,3142
3723,3143
3724,3144
3725,3145
3726,3146
3727,3147
3728,3148
3729,3149
3730,3150
3731,3151
3732,3152
3733,3153
3734,3154
3735,3155
3736,3156
3737,3157
3738,3158
3739,3159
3740,3160
3741,3161
3742,3162
3743,3163
3744,3164
3745,3165
3746,3166
3747,3167
3748,3168
3749,3169
3750,3170
3751,3171
3752,3172
3753,3173
3754,3174
3755,3175
3756,3176
3757,3177
3758,3178
3759,3179
3760,3180
3761,3181
3762,3182
3763,3183
3764,3184
3765,3185
3766,3186
3767,3187
3768,3188
3769,3189
3770,3190
3771,3190
3772,3190
3773,3190
3774,3190
3775,3190
3776,3190
3777,3190
3778,3190
3779,3190
3780,3190
3781,3190
3782,3190
3783,3190
3784,3190
3785,3190
3786,3190
3787,3190
3788,3190
3789,3190
3790,3190
3791,3190
3792,3190
3793,3190
3794,3190
3795,3190
3796,3190
3797,3190
3798,3190
3799,3190
3800,3190
3801,3190
3802,3190
3803,3190
3804,3190
3805,3190
3806,3190
3807,3190
3808,3190
3809,3190
3810,3190
3811,3190
3812,3190
3813,3190
3814,3190
3815,3190
3816,3190
3817,3190
3818,3190
3819,3190
3820,3190
3821,3190
3822,3190
3823,3190
3824,3190
3825,3190
3826,3190
3827,3190
3828,3190
3829,3190
3830,3190
3831,3190
3832,3190
3833,3190
3834,3190
3835,3190
3836,3190
3837,3190
3838,3190
3839,3190
3840,3190
3841,3190
3842,3190
3843,3190
3844,3190
3845,3190
3846,3190
3847,3190
3848,3190
3849,3190
3850,3190
3851,3190
3852,3190
3853,3190
3854,3190
3855,3190
3856,3190
3857,3190
3858,3190
3859,3190
3860,3190
3861,3190
3862,3190
3863,3190
3864,3190
3865,3190
3866,3190
3867,3190
3868,3190
3869,3191
3870,3192
3871,3193
3872,3194
3873,3195
3874,3196
3875,3197
3876,3198
3877,3199
3878,3200
3879,3201
3880,3202
3881,3203
3882,3204
3883,3205
3884,3206
3885,3207
3886,3208
3887,3209
3888,3210
3889,3211
3890,3212
3891,3213
3892,3214
3893,3215
3894,3216
3895,3217
3896,3218
3897,3219
3898,3220
3899,3221
3900,3222
3901,3223
3902,3224
3903,3225
3904,3226
3905,3227
3906,3228
3907,3229
3908,3230
3909,3231
3910,3232
3911,3233
3912,3234
3913,3235
3914,3236
3915,3237
3916,3238
3917,3239
3918,3240
3919,3241
3920,3242
3921,3243
3922,3244
3923,3245
3924,3246
3925,3247
3926,3248
3927,3249
3928,3250
3929,3251
3930,3252
3931,3253
3932,3254
3933,3255
3934,3256
3935,3257
3936,3258
3937,3259
3938,3260
3939,3261
3940,3262
3941,3263
3942,3264
3943,3265
3944,3266
3945,3267
3946,3268
3947,3269
3948,3270
3949,3271
3950,3272
3951,3273
3952,3274
3953,3275
3954,3276
3955,3277
3956,3278
3957,3279
3958,3280
3959,3281
3960,3282
3961,3283
3962,3284
3963,3285
3964,3286
3965,3287
3966,3288
3967,3289
3968,3290
3969,3291
3970,3292
3971,3293
3972,3294
3973,3295
3974,3296
3975,3297
3976,3298
3977,3299
3978,3300
3979,3301
3980,3302
3981,3303
3982,3304
3983,3305
3984,3306
3985,3307
3986,3308
3987,3309
3988,3310
3989,3311
3990,3312
3991,3313
3992,3314
3993,3315
3994,3316
3995,3317
3996,3318
3997,3319
3998,3320
3999,3321
4000,3322
4001,3323
4002,3324
4003,3325
4004,3326
4005,3327
4006,3328
4007,3329
4008,3330
4009,3331
4010,3332
4011,3333
4012,3334
4013,3335
4014,3336
4015,3337
4016,3338
4017,3339
4018,3340
4019,3341
4020,3342
4021,3343
4022,3344
4023,3345
4024,3346
4025,3347
4026,3348
4027,3349
4028,3350
4029,3351
4030,3352
4031,3353
4032,3354
4033,3355
4034,3356
4035,3357
4036,3358
4037,3359
4038,3360
4039,3361
4040,3362
4041,3363
4042,3364
4043,3365
4044,3366
4045,3367
4046,3368
4047,3369
4048,3370
4049,3371
4050,3372
4051,3373
4052,3374
4053,3375
4054,3376
4055,3377
4056,3378
4057,3379
4058,3380
4059,3381
4060,3382
4061,3383
4062,3384
4063,3385
4064,3386
4065,3387
4066,3388
4067,3389
4068,3390
4069,3391
4070,3392
4071,3393
4072,3394
4073,3395
4074,3396
4075,3397
4076,3398
4077,3399
4078,3400
4079,3401
4080,3402
4081,3403
4082,3404
4083,3405
4084,3406
4085,3407
4086,3408
4087,3409
4088,3410
4089,3411
4090,3412
4091,3413
4092,3414
4093,3415
4094,3416
4095,3417
4096,3418
4097,3419
4098,3420
4099,3421
4100,3422
4101,3423
4102,3424
4103,3425
4104,3426
4105,3427
4106,3428
4107,3429
4108,3430
4109,3431
4110,3432
4111,3433
4112,3434
4113,3435
4114,3436
4115,3437
4116,3438
4117,3439
4118,3440
4119,3441
4120,3442
4121,3443
4122,3444
4123,3445
4124,3446
4125,3447
4126,3448
4127,3449
4128,3450
4129,3451
4130,3452
4131,3453
4132,3454
4133,3455
4134,3456
4135,3457
4136,3458
4137,3459
4138,3460
4139,3461
4140,3462
4141,3463
4142,3464
4143,3465
4144,3466
4145,3467
4146,3468
4147,3469
4148,3470
4149,3471
4150,3472
4151,3473
4152,3474
4153,3475
4154,3476
4155,3477
4156,3478
4157,3479
4158,3480
4159,3481
4160,3482
4161,3483
4162,3484
4163,3485
4164,3486
4165,3487
4166,3488
4167,3489
4168,3490
4169,3491
4170,3492
4171,3493
4172,3494
4173,3495
4174,3496
4175,3497
4176,3498
4177,3499
4178,3500
4179,3501
4180,3502
4181,3503
4182,3504
4183,3505
4184,3506
4185,3507
4186,3508
4187,3509
4188,3510
4189,3511
4190,3512
4191,3513
4192,3514
4193,3515
4194,3516
4195,3517
4196,3518
4197,3519
4198,3520
4199,3521
4200,3522
4201,3523
4202,3524
4203,3525
4204,3526
4205,3527
4206,3528
4207,3529
4208,3530
4209,3531
4210,3532
4211,3533
4212,3534
4213,3535
4214,3536
4215,3537
4216,3538
4217,3539
4218,3540
4219,3541
4220,3542
4221,3543
4222,3544
4223,3545
4224,3546
4225,3547
4226,3548
4227,3549
4228,3550
4229,3551
4230,3552
4231,3553
4232,3554
4233,3555
4234,3556
4235,3557
4236,3558
4237,3559
4238,3560
4239,3561
4240,3562
4241,3563
4242,3564
4243,3565
4244,3566
4245,3567
4246,3568
4247,3569
4248,3570
4249,3571
4250,3572
4251,3573
4252,3574
4253,3575
4254,3576
4255,3577
4256,3578
4257,3579
4258,3580
4259,3581
4260,3582
4261,3583
4262,3584
4263,3585
4264,3586
4265,3587
4266,3588
4267,3589
4268,3590
4269,3591
4270,3592
4271,3593
4272,3594
4273,3595
4274,3596
4275,3597
4276,3598
4277,3599
4278,3600
4279,3601
4280,3602
4281,3603
4282,3604
4283,3605
4284,3606
4285,3607
4286,3608
4287,3609
4288,3610
4289,3611
4290,3612
4291,3613
4292,3614
4293,3615
4294,3616
4295,3617
4296,3618
4297,3619
4298,3620
4299,3621
4300,3622
4301,3623
4302,3624
4303,3625
4304,3626
4305,3627
4306,3628
4307,3629
4308,3630
4309,3631
4310,3632
4311,3633
4312,3634
4313,3635
4314,3636
4315,3637
4316,3638
4317,3639
4318,3640
4319,3641
4320,3642
4321,3643
4322,3644
4323,3645
4324,3646
4325,3647
4326,3648
4327,3649
4328,3650
4329,3651
4330,3652
4331,3653
4332,3654
4333,3655
4334,3656
4335,3657
4336,3658
4337,3659
4338,3660
4339,3661
4340,3662
4341,3663
4342,3664
4343,3665
4344,3666
4345,3667
4346,3668
4347,3669
4348,3670
4349,3671
4350,3672
4351,3673
4352,3674
4353,3675
4354,3676
4355,3677
4356,3678
4357,3679
4358,3680
4359,3681
4360,3682
4361,3683
4362,3684
4363,3685
4364,3686
4365,3687
4366,3688
4367,3689
4368,3690
4369,3691
4370,3692
4371,3693
4372,3694
4373,3695
4374,3696
4375,3697
4376,3698
4377,3699
4378,3700
4379,3701
4380,3702
4381,3703
4382,3704
4383,3705
4384,3706
4385,3707
4386,3708
4387,3709
4388,3710
4389,3711
4390,3712
4391,3713
4392,3714
4393,3715
4394,3716
4395,3717
4396,3718
4397,3719
4398,3720
4399,3721
4400,3722
4401,3723
4402,3724
4403,3725
4404,3726
4405,3727
4406,3728
4407,3729
4408,3730
4409,3731
4410,3732
4411,3733
4412,3734
4413,3734
4414,3734
4415,3734
4416,3734
4417,3734
4418,3734
4419,3734
4420,3734
4421,3734
4422,3734
4423,3734
4424,3734
4425,3734
4426,3734
4427,3734
4428,3734
4429,3734
4430,3734
4431,3734
4432,3734
4433,3734
4434,3734
4435,3734
4436,3734
4437,3734
4438,3734
4439,3734
4440,3734
4441,3734
4442,3734
4443,3734
4444,3734
4445,3734
4446,3734
4447,3734
4448,3734
4449,3734
4450,3734
4451,3734
4452,3734
4453,3734
4454,3734
4455,3734
4456,3734
4457,3734
4458,3734
4459,3734
4460,3734
4461,3734
4462,3734
4463,3734
4464,3734
4465,3734
4466,3734
4467,3734
4468,3734
4469,3734
4470,3734
4471,3734
4472,3734
4473,3734
4474,3734
4475,3734
4476,3734
4477,3734
4478,3734
4479,3734
4480,3734
4481,3734
4482,3734
4483,3734
4484,3734
4485,3734
4486,3734
4487,3734
4488,3734
4489,3734
4490,3734
4491,3735
4492,3736
4493,3737
4494,3738
4495,3739
4496,3740
4497,3741
4498,3742
4499,3743
4500,3744
4501,3745
4502,3746
4503,3747
4504,3748
4505,3749
4506,3750
4507,3751
4508,3752
4509,3753
4510,3754
4511,3755
4512,3756
4513,3757
4514,3758
4515,3759
4516,3760
4517,3761
4518,3762
4519,3763
4520,3764
4521,3765
4522,3766
4523,3767
4524,3768
4525,3769
4526,3770
4527,3771
4528,3772
4529,3773
4530,3774
4531,3775
4532,3776
4533,3777
4534,3778
4535,3779
4536,3780
4537,3781
4538,3782
4539,3783
4540,3784
4541,3785
4542,3786
4543,3787
4544,3788
4545,3789
4546,3790
4547,3791
4548,3792
4549,3793
4550,3794
4551,3795
4552,3796
4553,3797
4554,3798
4555,3799
4556,3800
4557,3801
4558,3802
4559,3803
4560,3804
4561,3805
4562,3806
4563,3807
4564,3808
4565,3809
4566,3810
4567,3811
4568,3812
4569,3813
4570,3814
4571,3815
4572,3816
4573,3817
4574,3818
4575,3819
4576,3820
4577,3821
4578,3822
4579,3823
4580,3824
4581,3825
4582,3826
4583,3827
4584,3828
4585,3829
4586,3830
4587,3831
4588,3832
4589,3833
4590,3834
4591,3835
4592,3836
4593,3837
4594,3838
4595,3839
4596,3840
4597,3841
4598,3842
4599,3843
4600,3844
4601,3845
4602,3846
4603,3847
4604,3848
4605,3849
4606,3850
4607,3851
4608,3852
4609,3853
4610,3854
4611,3855
4612,3856
4613,3857
4614,3858
4615,3859
4616,3860
4617,3861
4618,3862
4619,3863
4620,3864
4621,3865
4622,3866
4623,3867
4624,3868
4625,3869
4626,3870
4627,3871
4628,3872
4629,3873
4630,3874
4631,3875
4632,3876
4633,3877
4634,3878
4635,3879
4636,3880
4637,3881
4638,3882
4639,3882
4640,3882
4641,3882
4642,3882
4643,3882
4644,3882
4645,3882
4646,3882
4647,3882
4648,3882
4649,3882
4650,3882
4651,3882
4652,3882
4653,3882
4654,3882
4655,3882
4656,3882
4657,3882
4658,3882
4659,3882
4660,3882
4661,3882
4662,3882
4663,3882
4664,3882
4665,3882
4666,3882
4667,3882
4668,3882
4669,3882
4670,3882
4671,3882
4672,3882
4673,3882
4674,3882
4675,3882
4676,3882
4677,3882
4678,3882
4679,3882
4680,3882
4681,3882
4682,3882
4683,3882
4684,3882
4685,3882
4686,3882
4687,3882
4688,3882
4689,3882
4690,3882
4691,3882
4692,3882
4693,3882
4694,3882
4695,3882
4696,3882
4697,3882
4698,3882
4699,3882
4700,3882
4701,3882
4702,3882
4703,3882
4704,3882
4705,3882
4706,3882
4707,3882
4708,3882
4709,3882
4710,3882
4711,3882
4712,3882
4713,3883
4714,3884
4715,3885
4716,3886
4717,3887
4718,3888
4719,3889
4720,3890
4721,3891
4722,3892
4723,3893
4724,3894
4725,3895
4726,3896
4727,3897
4728,3898
4729,3899
4730,3900
4731,3901
4732,3902
4733,3903
4734,3904
4735,3905
4736,3906
4737,3907
4738,3908
4739,3909
4740,3910
4741,3911
4742,3912
4743,3913
4744,3914
4745,3915
4746,3916
4747,3917
4748,3918
4749,3919
4750,3920
4751,3921
4752,3922
4753,3923
4754,3924
4755,3925
4756,3926
4757,3927
4758,3928
4759,3929
4760,3930
4761,3931
4762,3932
4763,3933
4764,3934
4765,3935
4766,3936
4767,3937
4768,3938
4769,3939
4770,3940
4771,3941
4772,3942
4773,3943
4774,3944
4775,3945
4776,3946
4777,3947
4778,3948
4779,3949
4780,3950
4781,3951
4782,3952
4783,3953
4784,3954
4785,3955
4786,3956
4787,3957
4788,3958
4789,3959
4790,3960
4791,3961
4792,3962
4793,3963
4794,3964
4795,3965
4796,3966
4797,3967
4798,3968
4799,3969
4800,3970
4801,3971
4802,3972
4803,3973
4804,3974
4805,3975
4806,3976
4807,3977
4808,3978
4809,3979
4810,3980
4811,3981
4812,3982
4813,3983
4814,3984
4815,3985
4816,3986
4817,3987
4818,3988
4819,3989
4820,3990
4821,3991
4822,3992
4823,3993
4824,3994
4825,3995
4826,3996
4827,3997
4828,3998
4829,3999
4830,4000
4831,4001
4832,4002
4833,4003
4834,4004
4835,4005
4836,4006
4837,4007
4838,4008
4839,4009
4840,4010
4841,4011
4842,4012
4843,4013
4844,4014
4845,4015
4846,4016
4847,4017
4848,4018
4849,4019
4850,4020
4851,4021
4852,4022
4853,4023
4854,4024
4855,4025
4856,4026
4857,4027
4858,4028
4859,4029
4860,4030
4861,4031
4862,4032
4863,4033
4864,4034
4865,4035
4866,4036
4867,4037
4868,4038
4869,4039
4870,4040
4871,4041
4872,4042
4873,4043
4874,4044
4875,4045
4876,4046
4877,4047
4878,4048
4879,4049
4880,4050
4881,4051
4882,4052
4883,4053
4884,4054
4885,4055
4886,4056
4887,4057
4888,4058
4889,4059
4890,4060
4891,4061
4892,4062
4893,4063
4894,4064
4895,4065
4896,4066
4897,4067
4898,4068
4899,4069
4900,4070
4901,4071
4902,4072
4903,4073
4904,4074
4905,4075
4906,4076
4907,4077
4908,4078
4909,4079
4910,4080
4911,4081
4912,4082
4913,4083
4914,4084
4915,4085
4916,4086
4917,4087
4918,4088
4919,4089
4920,4090
4921,4091
4922,4092
4923,4093
4924,4094
4925,4095
4926,4096
4927,4097
4928,4098
4929,4099
4930,4100
4931,4101
4932,4102
4933,4103
4934,4104
4935,4105
4936,4106
4937,4107
4938,4108
4939,4109
4940,4110
4941,4111
4942,4112
4943,4113
4944,4114
4945,4115
4946,4116
4947,4117
4948,4118
4949,4119
4950,4120
4951,4121
4952,4122
4953,4123
4954,4124
4955,4125
4956,4126
4957,4127
4958,4128
4959,4129
4960,4130
4961,4131
4962,4132
4963,4133
4964,4134
4965,4135
4966,4136
4967,4137
4968,4138
4969,4139
4970,4140
4971,4141
4972,4142
4973,4143
4974,4144
4975,4145
4976,4146
4977,4147
4978,4148
4979,4149
4980,4150
4981,4150
4982,4150
4983,4150
4984,4150
4985,4150
4986,4150
4987,4150
4988,4150
4989,4150
4990,4150
4991,4150
4992,4150
4993,4150
4994,4150
4995,4150
4996,4150
4997,4150
4998,4150
4999,4150
5000,4150
5001,4150
5002,4150
5003,4150
5004,4150
5005,4150
5006,4150
5007,4150
5008,4150
5009,4150
5010,4150
5011,4150
5012,4150
5013,4150
5014,4150
5015,4150
5016,4150
5017,4150
5018,4150
5019,4150
5020,4150
5021,4150
5022,4150
5023,4150
5024,4150
5025,4150
5026,4150
5027,4150
5028,4150
5029,4150
5030,4150
5031,4150
5032,4150
5033,4150
5034,4150
5035,4150
5036,4150
5037,4150
5038,4150
5039,4150
5040,4150
5041,4150
5042,4150
5043,4150
5044,4150
5045,4150
5046,4150
5047,4150
5048,4150
5049,4150
5050,4150
5051,4150
5052,4150
5053,4150
5054,4150
5055,4150
5056,4150
5057,4150
5058,4150
5059,4151
5060,4152
5061,4153
5062,4154
5063,4155
5064,4156
5065,4157
5066,4158
5067,4159
5068,4160
5069,4161
5070,4162
5071,4163
5072,4164
5073,4165
5074,4166
5075,4167
5076,4168
5077,4169
5078,4170
5079,4171
5080,4172
5081,4173
5082,4174
5083,4175
5084,4176
5085,4177
5086,4178
5087,4179
5088,4180
5089,4181
5090,4182
5091,4183
5092,4184
5093,4185
5094,4186
5095,4187
5096,4188
5097,4189
5098,4190
5099,4191
5100,4192
5101,4193
5102,4194
5103,4195
5104,4196
5105,4197
5106,4198
5107,4199
5108,4200
5109,4201
5110,4202
5111,4203
5112,4204
5113,4205
5114,4206
5115,4207
5116,4208
5117,4209
5118,4210
5119,4211
5120,4212
5121,4213
5122,4214
5123,4215
5124,4216
5125,4217
5126,4218
5127,4219
5128,4220
5129,4221
5130,4222
5131,4223
5132,4224
5133,4225
5134,4226
5135,4227
5136,4228
5137,4229
5138,4230
5139,4231
5140,4232
5141,4233
5142,4234
5143,4235
5144,4236
5145,4237
5146,4238
5147,4239
5148,4240
5149,4241
5150,4242
5151,4243
5152,4244
5153,4245
5154,4246
5155,4247
5156,4248
5157,4249
5158,4250
5159,4251
5160,4252
5161,4253
5162,4254
5163,4255
5164,4256
5165,4257
5166,4258
5167,4259
5168,4260
5169,4261
5170,4262
5171,4263
5172,4264
5173,4265
5174,4266
5175,4267
5176,4268
5177,4269
5178,4270
5179,4271
5180,4272
5181,4273
5182,4274
5183,4275
5184,4276
5185,4277
5186,4278
5187,4279
5188,4280
5189,4281
5190,4282
5191,4283
5192,4284
5193,4285
5194,4286
5195,4287
5196,4288
5197,4289
5198,4290
5199,4291
5200,4292
5201,4293
5202,4294
5203,4295
5204,4296
5205,4297
5206,4298
5207,4299
5208,4300
5209,4301
5210,4302
5211,4303
5212,4304
5213,4305
5214,4306
5215,4307
5216,4308
5217,4309
5218,4310
5219,4311
5220,4312
5221,4313
5222,4314
5223,4315
5224,4316
5225,4317
5226,4318
5227,4319
5228,4320
5229,4321
5230,4322
5231,4323
5232,4324
5233,4325
5234,4326
5235,4327
5236,4328
5237,4329
5238,4330
5239,4331
5240,4332
5241,4333
5242,4334
5243,4335
5244,4336
5245,4337
5246,4338
5247,4339
5248,4340
5249,4341
5250,4342
5251,4343
5252,4344
5253,4345
5254,4346
5255,4347
5256,4348
5257,4349
5258,4350
5259,4351
5260,4352
5261,4353
5262,4354
5263,4355
5264,4356
5265,4357
5266,4358
5267,4359
5268,4360
5269,4361
5270,4362
5271,4363
5272,4364
5273,4365
5274,4366
5275,4367
5276,4368
5277,4369
5278,4370
5279,4371
5280,4372
5281,4373
5282,4374
5283,4375
5284,4376
5285,4377
5286,4378
5287,4379
5288,4380
5289,4381
5290,4382
5291,4383
5292,4384
5293,4385
5294,4386
5295,4387
5296,4388
5297,4389
5298,4390
5299,4391
5300,4392
5301,4393
5302,4394
5303,4395
5304,4396
5305,4397
5306,4398
5307,4399
5308,4400
5309,4401
5310,4402
5311,4403
5312,4404
5313,4405
5314,4406
5315,4407
5316,4408
5317,4409
5318,4410
5319,4411
5320,4412
5321,4413
5322,4414
5323,4415
5324,4416
5325,4417
5326,4418
5327,4419
5328,4420
5329,4421
5330,4422
5331,4423
5332,4424
5333,4425
5334,4426
5335,4427
5336,4428
5337,4429
5338,4430
5339,4431
5340,4432
5341,4433
5342,4434
5343,4435
5344,4436
5345,4437
5346,4438
5347,4439
5348,4440
5349,4441
5350,4442
5351,4443
5352,4444
5353,4445
5354,4446
5355,4447
5356,4448
5357,4449
5358,4450
5359,4451
5360,4452
5361,4453
5362,4454
5363,4455
5364,4456
5365,4457
5366,4458
5367,4459
5368,4460
5369,4461
5370,4462
5371,4463
5372,4464
5373,4465
5374,4466
5375,4467
5376,4468
5377,4469
5378,4470
5379,4471
5380,4472
5381,4473
5382,4474
5383,4475
5384,4476
5385,4477
5386,4478
5387,4479
5388,4480
5389,4481
5390,4482
5391,4483
5392,4484
5393,4485
5394,4486
5395,4487
5396,4488
5397,4489
5398,4490
5399,4491
5400,4492
5401,4493
5402,4494
5403,4495
5404,4496
5405,4497
5406,4498
5407,4499
5408,4500
5409,4501
5410,4502
5411,4503
5412,4504
5413,4505
5414,4506
5415,4507
5416,4508
5417,4509
5418,4510
5419,4511
5420,4512
5421,4513
5422,4514
5423,4515
5424,4516
5425,4517
5426,4518
5427,4519
5428,4520
5429,4521
5430,4522
5431,4523
5432,4524
5433,4525
5434,4526
5435,4527
5436,4528
5437,4529
5438,4530
5439,4531
5440,4532
5441,4533
5442,4534
5443,4535
5444,4536
5445,4537
5446,4538
5447,4539
5448,4540
5449,4541
5450,4542
5451,4543
5452,4544
5453,4545
5454,4546
5455,4547
5456,4548
5457,4549
5458,4550
5459,4551
5460,4552
5461,4553
5462,4554
5463,4555
5464,4556
5465,4557
5466,4558
5467,4559
5468,4560
5469,4561
5470,4562
5471,4563
5472,4564
5473,4565
5474,4566
5475,4567
5476,4568
5477,4569
5478,4570
5479,4571
5480,4572
5481,4573
5482,4574
5483,4575
5484,4576
5485,4577
5486,4578
5487,4579
5488,4580
5489,4581
5490,4582
5491,4583
5492,4584
5493,4584
5494,4584
5495,4584
5496,4584
5497,4584
5498,4584
5499,4584
5500,4584
5501,4584
5502,4584
5503,4584
5504,4584
5505,4584
5506,4584
5507,4584
5508,4584
5509,4584
5510,4584
5511,4584
5512,4584
5513,4584
5514,4584
5515,4584
5516,4584
5517,4584
5518,4584
5519,4584
5520,4584
5521,4584
5522,4584
5523,4584
5524,4584
5525,4584
5526,4584
5527,4584
5528,4584
5529,4584
5530,4584
5531,4584
5532,4584
5533,4584
5534,4584
5535,4584
5536,4584
5537,4584
5538,4584
5539,4584
5540,4584
5541,4584
5542,4584
5543,4584
5544,4584
5545,4584
5546,4584
5547,4584
5548,4584
5549,4584
5550,4584
5551,4584
5552,4584
5553,4584
5554,4584
5555,4584
5556,4584
5557,4584
5558,4584
5559,4584
5560,4584
5561,4584
5562,4584
5563,4584
5564,4584
5565,4584
5566,4584
5567,4584
5568,4584
5569,4584
5570,4584
5571,4584
5572,4584
5573,4584
5574,4584
5575,4584
5576,4584
5577,4584
5578,4584
5579,4584
5580,4584
5581,4584
5582,4584
5583,4584
5584,4584
5585,4584
5586,4584
5587,4584
5588,4584
5589,4584
5590,4584
5591,4584
5592,4584
5593,4584
5594,4584
5595,4584
5596,4584
5597,4584
5598,4584
5599,4584
5600,4584
5601,4584
5602,4584
5603,4584
5604,4584
5605,4584
5606,4584
5607,4584
5608,4584
5609,4584
5610,4584
5611,4584
5612,4584
5613,4584
5614,4584
5615,4584
5616,4584
5617,4584
5618,4584
5619,4584
5620,4584
5621,4584
5622,4584
5623,4584
5624,4585
5625,4586
5626,4587
5627,4588
5628,4589
5629,4590
5630,4591
5631,4592
5632,4593
5633,4594
5634,4595
5635,4596
5636,4597
5637,4598
5638,4599
5639,4600
5640,4601
5641,4602
5642,4603
5643,4604
5644,4605
5645,4606
5646,4607
5647,4608
5648,4609
5649,4610
5650,4611
5651,4612
5652,4613
5653,4614
5654,4615
5655,4616
5656,4617
5657,4618
5658,4619
5659,4620
5660,4621
5661,4622
5662,4623
5663,4624
5664,4625
5665,4626
5666,4627
5667,4628
5668,4629
5669,4630
5670,4631
5671,4632
5672,4633
5673,4634
5674,4635
5675,4636
5676,4637
5677,4638
5678,4639
5679,4640
5680,4641
5681,4642
5682,4643
5683,4644
5684,4645
5685,4646
5686,4647
5687,4648
5688,4649
5689,4650
5690,4651
5691,4652
5692,4653
5693,4654
5694,4655
5695,4656
5696,4657
5697,4658
5698,4659
5699,4660
5700,4661
5701,4662
5702,4663
5703,4664
5704,4665
5705,4666
5706,4667
5707,4668
5708,4669
5709,4670
5710,4671
5711,4672
5712,4673
5713,4674
5714,4675
5715,4676
5716,4677
5717,4678
5718,4679
5719,4680
5720,4681
5721,4682
5722,4683
5723,4684
5724,4685
5725,4686
5726,4687
5727,4688
5728,4689
5729,4690
5730,4691
5731,4692
5732,4693
5733,4694
5734,4695
5735,4696
5736,4697
5737,4698
5738,4699
5739,4700
5740,4701
5741,4702
5742,4703
5743,4704
5744,4705
5745,4706
5746,4707
5747,4708
5748,4709
5749,4710
5750,4711
5751,4712
5752,4713
5753,4714
5754,4715
5755,4716
5756,4717
5757,4718
5758,4719
5759,4720
5760,4721
5761,4722
5762,4723
5763,4724
5764,4725
5765,4726
5766,4727
5767,4728
5768,4729
5769,4730
5770,4731
5771,4732
5772,4733
5773,4734
5774,4735
5775,4736
5776,4737
5777,4738
5778,4739
5779,4740
5780,4741
5781,4741
5782,4741
5783,4741
5784,4741
5785,4741
5786,4741
5787,4741
5788,4741
5789,4741
5790,4741
5791,4741
5792,4741
5793,4741
5794,4741
5795,4741
5796,4741
5797,4741
5798,4741
5799,4741
5800,4741
5801,4741
5802,4741
5803,4741
5804,4741
5805,4741
5806,4741
5807,4741
5808,4741
5809,4741
5810,4741
5811,4741
5812,4741
5813,4741
5814,4741
5815,4741
5816,4741
5817,4741
5818,4741
5819,4741
5820,4741
5821,4741
5822,4741
5823,4741
5824,4741
5825,4741
5826,4741
5827,4741
5828,4741
5829,4741
5830,4741
5831,4741
5832,4741
5833,4741
5834,4741
5835,4741
5836,4741
5837,4741
5838,4741
5839,4741
5840,4741
5841,4741
5842,4741
5843,4741
5844,4741
5845,4741
5846,4741
5847,4741
5848,4741
5849,4741
5850,4741
5851,4741
5852,4741
5853,4741
5854,4741
5855,4741
5856,4741
5857,4741
5858,4741
5859,4741
5860,4741
5861,4741
5862,4741
5863,4741
5864,4741
5865,4741
5866,4741
5867,4741
5868,4741
5869,4741
5870,4741
5871,4741
5872,4741
5873,4741
5874,4741
5875,4741
5876,4741
5877,4741
5878,4741
5879,4741
5880,4741
5881,4741
5882,4741
5883,4741
5884,4741
5885,4741
5886,4741
5887,4741
5888,4741
5889,4741
5890,4741
5891,4741
5892,4741
5893,4741
5894,4741
5895,4741
5896,4741
5897,4741
5898,4741
5899,4741
5900,4741
5901,4741
5902,4741
5903,4741
5904,4741
5905,4741
5906,4741
5907,4741
5908,4741
5909,4741
5910,4741
5911,4741
5912,4741
5913,4741
5914,4741
5915,4741
5916,4741
5917,4741
5918,4741
5919,4741
5920,4741
5921,4741
5922,4741
5923,4741
5924,4741
5925,4741
5926,4741
5927,4741
5928,4741
5929,4741
5930,4741
5931,4741
5932,4741
5933,4741
5934,4741
5935,4741
5936,4741
5937,4741
5938,4741
5939,4741
5940,4741
5941,4741
5942,4741
5943,4741
5944,4741
5945,4741
5946,4741
5947,4741
5948,4741
5949,4741
5950,4741
5951,4741
5952,4741
5953,4741
5954,4741
5955,4741
5956,4741
5957,4741
5958,4741
5959,4741
5960,4741
5961,4741
5962,4741
5963,4741
5964,4741
5965,4741
5966,4741
5967,4741
5968,4741
5969,4741
5970,4741
5971,4741
5972,4741
5973,4741
5974,4741
5975,4741
5976,4741
5977,4741
5978,4741
5979,4741
5980,4741
5981,4741
5982,4741
5983,4741
5984,4741
5985,4741
5986,4741
5987,4741
5988,4741
5989,4741
5990,4741
5991,4741
5992,4741
5993,4741
5994,4741
5995,4741
5996,4741
5997,4741
5998,4741
5999,4741
6000,4741
6001,4741
6002,4741
6003,4741
6004,4741
6005,4741
6006,4741
6007,4741
6008,4741
6009,4741
6010,4741
6011,4741
6012,4741
6013,4741
6014,4741
6015,4741
6016,4741
6017,4741
6018,4741
6019,4741
6020,4741
6021,4741
6022,4741
6023,4741
6024,4741
6025,4741
6026,4741
6027,4741
6028,4741
6029,4741
6030,4741
6031,4741
6032,4741
6033,4741
6034,4741
6035,4741
6036,4741
6037,4741
6038,4741
6039,4741
6040,4741
6041,4741
6042,4741
6043,4741
6044,4741
6045,4741
6046,4741
6047,4741
6048,4741
6049,4741
6050,4741
6051,4741
6052,4741
6053,4741
6054,4741
6055,4741
6056,4741
6057,4741
6058,4741
6059,4741
6060,4741
6061,4741
6062,4741
6063,4741
6064,4741
6065,4741
6066,4741
6067,4741
6068,4741
6069,4741
6070,4741
6071,4741
6072,4741
6073,4741
6074,4741
6075,4741
6076,4741
6077,4741
6078,4741
6079,4741
6080,4741
6081,4741
6082,4741
6083,4741
6084,4741
6085,4741
6086,4741
6087,4741
6088,4741
6089,4741
6090,4741
6091,4741
6092,4741
6093,4741
6094,4741
6095,4741
6096,4741
6097,4741
6098,4741
6099,4741
6100,4741
6101,4741
6102,4741
6103,4741
6104,4741
6105,4741
6106,4741
6107,4741
6108,4741
6109,4741
6110,4741
6111,4741
6112,4741
6113,4741
6114,4741
6115,4741
6116,4741
6117,4741
6118,4741
6119,4741
6120,4741
6121,4741
6122,4741
6123,4741
6124,4741
6125,4741
6126,4741
6127,4741
6128,4741
6129,4741
6130,4741
6131,4741
6132,4741
6133,4741
6134,4741
6135,4741
6136,4741
6137,4741
6138,4741
6139,4741
6140,4741
6141,4741
6142,4741
6143,4741
6144,4741
6145,4741
6146,4741
6147,4741
6148,4741
6149,4741
6150,4741
6151,4741
6152,4741
6153,4741
6154,4741
6155,4741
6156,4741
6157,4741
6158,4741
6159,4741
6160,4741
6161,4741
6162,4741
6163,4741
6164,4741
6165,4741
6166,4741
6167,4741
6168,4741
6169,4741
6170,4741
6171,4741
6172,4741
6173,4741
6174,4741
6175,4741
6176,4741
6177,4741
6178,4741
6179,4741
6180,4741
6181,4741
6182,4741
6183,4741
6184,4741
6185,4741
6186,4741
6187,4741
6188,4741
6189,4741
6190,4741
6191,4741
6192,4741
6193,4741
6194,4741
6195,4741
6196,4741
6197,4741
6198,4741
6199,4741
6200,4741
6201,4741
6202,4741
6203,4741
6204,4741
6205,4741
6206,4741
6207,4741
6208,4741
6209,4741
6210,4741
6211,4741
6212,4741
6213,4741
6214,4741
6215,4741
6216,4741
6217,4741
6218,4741
6219,4741
6220,4741
6221,4741
6222,4741
6223,4741
6224,4741
6225,4741
6226,4741
6227,4741
6228,4741
6229,4741
6230,4741
6231,4741
6232,4741
6233,4741
6234,4741
6235,4741
6236,4741
6237,4741
6238,4741
6239,4741
6240,4741
6241,4741
6242,4741
6243,4741
6244,4741
6245,4741
6246,4741
6247,4741
6248,4741
6249,4741
6250,4741
6251,4741
6252,4741
6253,4741
6254,4741
6255,4741
6256,4741
6257,4741
6258,4741
6259,4741
6260,4741
6261,4741
6262,4741
6263,4741
6264,4741
6265,4741
6266,4741
6267,4741
6268,4741
6269,4741
6270,4741
6271,4741
6272,4741
6273,4741
6274,4741
6275,4741
6276,4741
6277,4741
6278,4741
6279,4741
6280,4741
6281,4741
6282,4741
6283,4741
6284,4741
6285,4741
6286,4741
6287,4741
6288,4741
6289,4741
6290,4741
6291,4741
6292,4741
6293,4741
6294,4741
6295,4741
6296,4741
6297,4741
6298,4741
6299,4741
6300,4741
6301,4741
6302,4741
6303,4741
6304,4741
6305,4741
6306,4741
6307,4741
6308,4741
6309,4741
6310,4741
6311,4741
6312,4741
6313,4741
6314,4741
6315,4741
6316,4741
6317,4741
6318,4741
6319,4741
6320,4741
6321,4741
6322,4741
6323,4741
6324,4741
6325,4741
6326,4741
6327,4741
6328,4741
6329,4741
6330,4741
6331,4741
6332,4741
6333,4741
6334,4741
6335,4741
6336,4741
6337,4741
6338,4741
6339,4741
6340,4741
6341,4741
6342,4741
6343,4741
6344,4741
6345,4741
6346,4741
6347,4741
6348,4741
6349,4741
6350,4741
6351,4741
6352,4741
6353,4741
6354,4741
6355,4741
6356,4741
6357,4741
6358,4742
6359,4743
6360,4744
6361,4745
6362,4746
6363,4747
6364,4748
6365,4749
6366,4750
6367,4751
6368,4752
6369,4753
6370,4754
6371,4755
6372,4756
6373,4757
6374,4758
6375,4759
6376,4760
6377,4761
6378,4762
6379,4763
6380,4764
6381,4765
6382,4766
6383,4767
6384,4768
6385,4769
6386,4770
6387,4771
6388,4772
6389,4773
6390,4774
6391,4775
6392,4776
6393,4777
6394,4778
6395,4779
6396,4780
6397,4781
6398,4782
6399,4783
6400,4784
6401,4785
6402,4786
6403,4787
6404,4788
6405,4789
6406,4790
6407,4791
6408,4792
6409,4793
6410,4794
6411,4795
6412,4796
6413,4797
6414,4798
6415,4799
6416,4800
6417,4801
6418,4802
6419,4803
6420,4804
6421,4805
6422,4806
6423,4807
6424,4808
6425,4809
6426,4810
6427,4811
6428,4812
6429,4813
6430,4814
6431,4815
6432,4816
6433,4817
6434,4818
6435,4819
6436,4820
6437,4821
6438,4822
6439,4823
6440,4824
6441,4825
6442,4826
6443,4827
6444,4828
6445,4829
6446,4830
6447,4831
6448,4832
6449,4833
6450,4834
6451,4835
6452,4836
6453,4837
6454,4838
6455,4839
6456,4840
6457,4841
6458,4842
6459,4843
6460,4844
6461,4845
6462,4846
6463,4847
6464,4848
6465,4849
6466,4850
6467,4851
6468,4852
6469,4853
6470,4854
6471,4855
6472,4856
6473,4857
6474,4858
6475,4859
6476,4860
6477,4861
6478,4862
6479,4863
6480,4864
6481,4865
6482,4866
6483,4867
6484,4868
6485,4869
6486,4870
6487,4871
6488,4872
6489,4873
6490,4874
6491,4875
6492,4876
6493,4877
6494,4878
6495,4879
6496,4880
6497,4881
6498,4882
6499,4883
6500,4884
6501,4885
6502,4886
6503,4887
6504,4888
6505,4889
6506,4890
6507,4891
6508,4892
6509,4893
6510,4894
6511,4895
6512,4896
6513,4897
6514,4898
6515,4899
6516,4900
6517,4901
6518,4902
6519,4903
6520,4904
6521,4905
6522,4906
6523,4907
6524,4908
6525,4909
6526,4910
6527,4911
6528,4912
6529,4913
6530,4914
6531,4915
6532,4916
6533,4917
6534,4918
6535,4919
6536,4920
6537,4921
6538,4922
6539,4923
6540,4924
6541,4925
6542,4926
6543,4927
6544,4928
6545,4929
6546,4930
6547,4931
6548,4932
6549,4933
6550,4934
6551,4935
6552,4936
6553,4937
6554,4938
6555,4939
6556,4940
6557,4941
6558,4942
6559,4943
6560,4944
6561,4945
6562,4946
6563,4947
6564,4948
6565,4949
6566,4950
6567,4951
6568,4952
6569,4953
6570,4954
6571,4955
6572,4956
6573,4957
6574,4958
6575,4959
6576,4960
6577,4961
6578,4962
6579,4963
6580,4964
6581,4965
6582,4966
6583,4967
6584,4968
6585,4969
6586,4970
6587,4971
6588,4972
6589,4973
6590,4974
6591,4975
6592,4976
6593,4977
6594,4978
6595,4979
6596,4980
6597,4981
6598,4982
6599,4983
6600,4984
6601,4985
6602,4986
6603,4987
6604,4988
6605,4989
6606,4990
6607,4991
6608,4992
6609,4993
6610,4994
6611,4995
6612,4996
6613,4997
6614,4998
6615,4999
6616,5000
6617,5001
6618,5002
6619,5003
6620,5004
6621,5005
6622,5006
6623,5007
6624,5008
6625,5009
6626,5010
6627,5011
6628,5012
6629,5013
6630,5014
6631,5015
6632,5016
6633,5017
6634,5018
6635,5019
6636,5020
6637,5021
6638,5022
6639,5023
6640,5024
6641,5025
6642,5026
6643,5027
6644,5028
6645,5029
6646,5030
6647,5031
6648,5032
6649,5033
6650,5034
6651,5035
6652,5036
6653,5037
6654,5038
6655,5039
6656,5040
6657,5041
6658,5042
6659,5043
6660,5044
6661,5045
6662,5046
6663,5047
6664,5048
6665,5049
6666,5050
6667,5051
6668,5052
6669,5053
6670,5054
6671,5055
6672,5056
6673,5057
6674,5058
6675,5059
6676,5060
6677,5061
6678,5062
6679,5063
6680,5064
6681,5065
6682,5066
6683,5067
6684,5068
6685,5069
6686,5070
6687,5071
6688,5072
6689,5073
6690,5074
6691,5075
6692,5076
6693,5077
6694,5078
6695,5079
6696,5080
6697,5081
6698,5082
6699,5083
6700,5084
6701,5085
6702,5086
6703,5087
6704,5088
6705,5089
6706,5090
6707,5091
6708,5092
6709,5093
6710,5094
6711,5095
6712,5096
6713,5097
6714,5098
6715,5099
6716,5100
6717,5101
6718,5102
6719,5103
6720,5104
6721,5105
6722,5106
6723,5107
6724,5108
6725,5109
6726,5110
6727,5111
6728,5112
6729,5113
6730,5114
6731,5115
6732,5116
6733,5117
6734,5118
6735,5119
6736,5120
6737,5121
6738,5122
6739,5123
6740,5124
6741,5125
6742,5126
6743,5127
6744,5128
6745,5129
6746,5130
6747,5131
6748,5132
6749,5133
6750,5134
6751,5135
6752,5136
6753,5137
6754,5138
6755,5139
6756,5140
6757,5141
6758,5142
6759,5143
6760,5144
6761,5145
6762,5146
6763,5147
6764,5148
6765,5149
6766,5150
6767,5151
6768,5152
6769,5153
6770,5154
6771,5155
6772,5156
6773,5157
6774,5158
6775,5159
6776,5160
6777,5161
6778,5162
6779,5163
6780,5164
6781,5165
6782,5166
6783,5167
6784,5168
6785,5169
6786,5170
6787,5171
6788,5172
6789,5173
6790,5174
6791,5175
6792,5176
6793,5177
6794,5178
6795,5179
6796,5180
6797,5181
6798,5182
6799,5183
6800,5184
6801,5185
6802,5186
6803,5187
6804,5188
6805,5189
6806,5190
6807,5191
6808,5192
6809,5193
6810,5194
6811,5195
6812,5196
6813,5197
6814,5198
6815,5199
6816,5200
6817,5201
6818,5202
6819,5203
6820,5204
6821,5205
6822,5206
6823,5207
6824,5208
6825,5209
6826,5210
6827,5211
6828,5212
6829,5213
6830,5214
6831,5215
6832,5216
6833,5217
6834,5218
6835,5219
6836,5220
6837,5221
6838,5222
6839,5223
6840,5224
6841,5225
6842,5226
6843,5227
6844,5228
6845,5229
6846,5230
6847,5231
6848,5232
6849,5233
6850,5234
6851,5235
6852,5236
6853,5237
6854,5238
6855,5239
6856,5240
6857,5241
6858,5242
6859,5243
6860,5244
6861,5245
6862,5246
6863,5247
6864,5248
6865,5249
6866,5250
6867,5251
6868,5252
6869,5253
6870,5254
6871,5255
6872,5256
6873,5257
6874,5258
6875,5259
6876,5260
6877,5261
6878,5262
6879,5263
6880,5264
6881,5265
6882,5266
6883,5267
6884,5268
6885,5269
6886,5270
6887,5271
6888,5272
6889,5273
6890,5274
6891,5275
6892,5276
6893,5277
6894,5278
6895,5279
6896,5280
6897,5281
6898,5282
6899,5283
6900,5284
6901,5285
6902,5286
6903,5287
6904,5288
6905,5289
6906,5290
6907,5291
6908,5292
6909,5293
6910,5294
6911,5295
6912,5296
6913,5297
6914,5298
6915,5299
6916,5300
6917,5301
6918,5302
6919,5303
6920,5304
6921,5305
6922,5306
6923,5307
6924,5308
6925,5309
6926,5310
6927,5311
6928,5312
6929,5313
6930,5314
6931,5315
6932,5316
6933,5317
6934,5318
6935,5319
6936,5320
6937,5321
6938,5322
6939,5323
6940,5324
6941,5325
6942,5326
6943,5327
6944,5328
6945,5329
6946,5330
6947,5331
6948,5332
6949,5333
6950,5334
6951,5335
6952,5336
6953,5337
6954,5338
6955,5339
6956,5340
6957,5341
6958,5342
6959,5343
6960,5344
6961,5345
6962,5346
6963,5347
6964,5348
6965,5349
6966,5350
6967,5351
6968,5352
6969,5353
6970,5354
6971,5355
6972,5356
6973,5357
6974,5358
6975,5359
6976,5360
6977,5361
6978,5362
6979,5363
6980,5364
6981,5365
6982,5366
6983,5367
6984,5368
6985,5369
6986,5370
6987,5371
6988,5372
6989,5373
6990,5374
6991,5375
6992,5376
6993,5377
6994,5378
6995,5379
6996,5380
6997,5381
6998,5382
6999,5383
7000,5384
7001,5385
7002,5386
7003,5387
7004,5388
7005,5389
7006,5390
7007,5391
7008,5392
7009,5393
7010,5394
7011,5395
7012,5396
7013,5397
7014,5398
7015,5399
7016,5400
7017,5401
7018,5402
7019,5403
7020,5404
7021,5405
7022,5406
7023,5407
7024,5408
7025,5409
7026,5410
7027,5411
7028,5412
7029,5413
7030,5414
7031,5415
7032,5416
7033,5417
7034,5418
7035,5419
7036,5420
7037,5421
7038,5422
7039,5423
7040,5424
7041,5425
7042,5426
7043,5427
7044,5428
7045,5429
7046,5430
7047,5431
7048,5432
7049,5433
7050,5434
7051,5435
7052,5436
7053,5437
7054,5438
7055,5439
7056,5440
7057,5441
7058,5442
7059,5443
7060,5444
7061,5445
7062,5446
7063,5447
7064,5448
7065,5449
7066,5450
7067,5451
7068,5452
7069,5453
7070,5454
7071,5455
7072,5456
7073,5457
7074,5458
7075,5459
7076,5460
7077,5461
7078,5462
7079,5463
7080,5464
7081,5465
7082,5466
7083,5467
7084,5468
7085,5469
7086,5470
7087,5471
7088,5472
7089,5473
7090,5474
7091,5475
7092,5476
7093,5477
7094,5478
7095,5479
7096,5480
7097,5481
7098,5482
7099,5483
7100,5484
7101,5485
7102,5486
7103,5487
7104,5488
7105,5489
7106,5490
7107,5491
7108,5492
7109,5493
7110,5494
7111,5495
7112,5496
7113,5497
7114,5498
7115,5499
7116,5500
7117,5501
7118,5502
7119,5503
7120,5504
7121,5505
7122,5506
7123,5507
7124,5508
7125,5509
7126,5510
7127,5511
7128,5512
7129,5513
7130,5514
7131,5515
7132,5516
7133,5517
7134,5518
7135,5519
7136,5520
7137,5521
7138,5522
7139,5523
7140,5524
7141,5525
7142,5526
7143,5527
7144,5528
7145,5529
7146,5530
7147,5531
7148,5532
7149,5533
7150,5534
7151,5535
7152,5536
7153,5537
7154,5538
7155,5539
7156,5540
7157,5541
7158,5542
7159,5543
7160,5544
7161,5545
7162,5546
7163,5547
7164,5548
7165,5549
7166,5550
7167,5551
7168,5552
7169,5553
7170,5554
7171,5555
7172,5556
7173,5557
7174,5558
7175,5559
7176,5560
7177,5561
7178,5562
7179,5563
7180,5564
7181,5565
7182,5566
7183,5567
7184,5568
7185,5569
7186,5570
7187,5571
7188,5572
7189,5573
7190,5574
7191,5575
7192,5576
7193,5577
7194,5578
7195,5579
7196,5580
7197,5581
7198,5582
7199,5583
7200,5584
7201,5585
7202,5586
7203,5587
7204,5588
7205,5589
7206,5590
7207,5591
7208,5592
7209,5593
7210,5594
7211,5595
7212,5596
7213,5597
7214,5598
7215,5599
7216,5600
7217,5601
7218,5602
7219,5603
7220,5604
7221,5605
7222,5606
7223,5607
7224,5608
7225,5609
7226,5610
7227,5611
7228,5612
7229,5613
7230,5614
7231,5615
7232,5616
7233,5617
7234,5618
7235,5619
7236,5620
7237,5621
7238,5622
7239,5623
7240,5624
7241,5625
7242,5626
7243,5627
7244,5628
7245,5629
7246,5630
7247,5631
7248,5632
7249,5633
7250,5634
7251,5635
7252,5636
7253,5637
7254,5638
7255,5639
7256,5640
7257,5641
7258,5642
7259,5643
7260,5644
7261,5645
7262,5646
7263,5647
7264,5648
7265,5649
7266,5650
7267,5651
7268,5652
7269,5653
7270,5654
7271,5655
7272,5656
7273,5657
7274,5658
7275,5659
7276,5660
7277,5661
7278,5662
7279,5663
7280,5664
7281,5665
7282,5666
7283,5667
7284,5668
7285,5669
7286,5670
7287,5671
7288,5672
7289,5673
7290,5674
7291,5675
7292,5676
7293,5677
7294,5678
7295,5679
7296,5680
7297,5681
7298,5682
7299,5683
7300,5684
7301,5685
7302,5686
7303,5687
7304,5688
7305,5689
7306,5690
7307,5691
7308,5692
7309,5693
7310,5694
7311,5695
7312,5696
7313,5697
7314,5698
7315,5699
7316,5700
7317,5701
7318,5702
7319,5703
7320,5704
7321,5705
7322,5706
7323,5707
7324,5708
7325,5709
7326,5710
7327,5711
7328,5712
7329,5713
7330,5714
7331,5715
7332,5716
7333,5717
7334,5718
7335,5719
7336,5720
7337,5721
7338,5722
7339,5723
7340,5724
7341,5725
7342,5726
7343,5727
7344,5728
7345,5729
7346,5730
7347,5731
7348,5732
7349,5733
7350,5734
7351,5735
7352,5736
7353,5737
7354,5738
7355,5739
7356,5740
7357,5741
7358,5742
7359,5743
7360,5744
7361,5745
7362,5746
7363,5747
7364,5748
7365,5749
7366,5750
7367,5751
7368,5752
7369,5753
7370,5754
7371,5755
7372,5756
7373,5757
7374,5758
7375,5759
7376,5760
7377,5761
7378,5762
7379,5763
7380,5764
7381,5765
7382,5766
7383,5767
7384,5768
7385,5769
7386,5770
7387,5771
7388,5772
7389,5773
7390,5774
7391,5775
7392,5776
7393,5777
7394,5778
7395,5779
7396,5780
7397,5781
7398,5782
7399,5783
7400,5784
7401,5785
7402,5786
7403,5787
7404,5788
7405,5789
7406,5790
7407,5791
7408,5792
7409,5793
7410,5794
7411,5795
7412,5796
7413,5797
7414,5798
7415,5799
7416,5800
7417,5801
7418,5802
7419,5803
7420,5804
7421,5805
7422,5806
7423,5807
7424,5808
7425,5809
7426,5810
7427,5811
7428,5812
7429,5813
7430,5814
7431,5815
7432,5816
7433,5817
7434,5818
7435,5819
7436,5820
7437,5821
7438,5822
7439,5823
7440,5824
7441,5825
7442,5826
7443,5827
7444,5828
7445,5829
7446,5830
7447,5831
7448,5832
7449,5833
7450,5834
7451,5835
7452,5836
7453,5837
7454,5838
7455,5839
7456,5840
7457,5841
7458,5842
7459,5843
7460,5844
7461,5845
7462,5846
7463,5847
7464,5848
7465,5849
7466,5850
7467,5851
7468,5852
7469,5853
7470,5854
7471,5855
7472,5856
7473,5857
7474,5858
7475,5859
7476,5860
7477,5861
7478,5862
7479,5863
7480,5864
7481,5865
7482,5866
7483,5867
7484,5868
7485,5869
7486,5870
7487,5871
7488,5872
7489,5873
7490,5874
7491,5875
7492,5876
7493,5877
7494,5878
7495,5879
7496,5880
7497,5881
7498,5882
7499,5883
7500,5884
7501,5885
7502,5886
7503,5887
7504,5888
7505,5889
7506,5890
7507,5891
7508,5892
7509,5893
7510,5894
7511,5895
7512,5896
7513,5897
7514,5898
7515,5899
7516,5900
7517,5901
7518,5902
7519,5903
7520,5904
7521,5905
7522,5906
7523,5907
7524,5908
7525,5909
7526,5910
7527,5911
7528,5912
7529,5913
7530,5914
7531,5915
7532,5916
7533,5917
7534,5918
7535,5919
7536,5920
7537,5921
7538,5922
7539,5923
7540,5924
7541,5925
7542,5926
7543,5927
7544,5928
7545,5929
7546,5930
7547,5931
7548,5932
7549,5933
7550,5934
7551,5935
7552,5936
7553,5937
7554,5938
7555,5939
7556,5940
7557,5941
7558,5942
7559,5943
7560,5944
7561,5945
7562,5946
7563,5947
7564,5948
7565,5949
7566,5950
7567,5951
7568,5952
7569,5953
7570,5954
7571,5955
7572,5956
7573,5957
7574,5958
7575,5959
7576,5960
7577,5961
7578,5962
7579,5963
7580,5964
7581,5965
7582,5966
7583,5967
7584,5968
7585,5969
7586,5970
7587,5971
7588,5972
7589,5973
7590,5974
7591,5975
7592,5976
7593,5977
7594,5978
7595,5979
7596,5980
7597,5981
7598,5982
7599,5983
7600,5984
7601,5985
7602,5986
7603,5987
7604,5988
7605,5989
7606,5990
7607,5991
7608,5992
7609,5993
7610,5994
7611,5995
7612,5996
7613,5997
7614,5998
7615,5999
7616,6000
7617,6001
7618,6002
7619,6003
7620,6004
7621,6005
7622,6006
7623,6007
7624,6008
7625,6009
7626,6010
7627,6011
7628,6012
7629,6013
7630,6014
7631,6015
7632,6016
7633,6017
7634,6018
7635,6019
7636,6020
7637,6021
7638,6022
7639,6023
7640,6024
7641,6025
7642,6026
7643,6027
7644,6028
7645,6029
7646,6030
7647,6031
7648,6032
7649,6033
7650,6034
7651,6035
7652,6036
7653,6037
7654,6038
7655,6039
7656,6040
7657,6041
7658,6042
7659,6043
7660,6044
7661,6045
7662,6046
7663,6047
7664,6048
7665,6049
7666,6050
7667,6051
7668,6052
7669,6053
7670,6054
7671,6055
7672,6056
7673,6057
7674,6058
7675,6059
7676,6060
7677,6061
7678,6062
7679,6063
7680,6064
7681,6065
7682,6066
7683,6067
7684,6068
7685,6069
7686,6070
7687,6071
7688,6072
7689,6073
7690,6074
7691,6075
7692,6076
7693,6077
7694,6078
7695,6079
7696,6080
7697,6081
7698,6082
7699,6083
7700,6084
7701,6085
7702,6086
7703,6087
7704,6088
7705,6089
7706,6090
7707,6091
7708,6092
7709,6093
7710,6094
7711,6095
7712,6096
7713,6097
7714,6098
7715,6099
7716,6100
7717,6101
7718,6102
7719,6103
7720,6104
7721,6105
7722,6106
7723,6107
7724,6108
7725,6109
7726,6110
7727,6111
7728,6112
7729,6113
7730,6114
7731,6115
7732,6116
7733,6117
7734,6118
7735,6119
7736,6120
7737,6121
7738,6122
7739,6123
7740,6124
7741,6125
7742,6126
7743,6127
7744,6128
7745,6129
7746,6130
7747,6131
7748,6132
7749,6133
7750,6134
7751,6135
7752,6136
7753,6137
7754,6138
7755,6139
7756,6140
7757,6141
7758,6142
7759,6143
7760,6144
7761,6145
7762,6146
7763,6147
7764,6148
7765,6149
7766,6150
7767,6151
7768,6152
7769,6153
7770,6154
7771,6155
7772,6156
7773,6157
7774,6158
7775,6159
7776,6160
7777,6161
7778,6162
7779,6163
7780,6164
7781,6165
7782,6166
7783,6167
7784,6168
7785,6169
7786,6170
7787,6171
7788,6172
7789,6173
7790,6174
7791,6175
7792,6176
7793,6177
7794,6178
7795,6179
7796,6180
7797,6181
7798,6182
7799,6183
7800,6184
7801,6185
7802,6186
7803,6187
7804,6188
7805,6189
7806,6190
7807,6191
7808,6192
7809,6193
7810,6194
7811,6195
7812,6196
7813,6197
7814,6198
7815,6199
7816,6200
7817,6201
7818,6202
7819,6203
7820,6204
7821,6205
7822,6206
7823,6207
7824,6208
7825,6209
7826,6210
7827,6211
7828,6212
7829,6213
7830,6214
7831,6215
7832,6216
7833,6217
7834,6218
7835,6219
7836,6220
7837,6221
7838,6222
7839,6223
7840,6224
7841,6225
7842,6226
7843,6227
7844,6228
7845,6229
7846,6230
7847,6231
7848,6232
7849,6233
7850,6234
7851,6235
7852,6236
7853,6237
7854,6238
7855,6239
7856,6240
7857,6241
7858,6242
7859,6243
7860,6244
7861,6245
7862,6246
7863,6247
7864,6248
7865,6249
7866,6250
7867,6251
7868,6252
7869,6253
7870,6254
7871,6255
7872,6256
7873,6257
7874,6258
7875,6259
7876,6260
7877,6261
7878,6262
7879,6263
7880,6264
7881,6265
7882,6266
7883,6267
7884,6268
7885,6269
7886,6270
7887,6271
7888,6272
7889,6273
7890,6274
7891,6275
7892,6276
7893,6277
7894,6278
7895,6279
7896,6280
7897,6281
7898,6282
7899,6283
7900,6284
7901,6285
7902,6286
7903,6287
7904,6288
7905,6289
7906,6290
7907,6291
7908,6292
7909,6293
7910,6294
7911,6295
7912,6296
7913,6297
7914,6298
7915,6299
7916,6300
7917,6301
7918,6302
7919,6303
7920,6304
7921,6305
7922,6306
7923,6307
7924,6308
7925,6309
7926,6310
7927,6311
7928,6312
7929,6313
7930,6314
7931,6315
7932,6316
7933,6316
7934,6316
7935,6316
7936,6316
7937,6316
7938,6316
7939,6316
7940,6316
7941,6316
7942,6316
7943,6316
7944,6316
7945,6316
7946,6316
7947,6316
7948,6316
7949,6316
7950,6316
7951,6316
7952,6316
7953,6316
7954,6316
7955,6316
7956,6316
7957,6316
7958,6316
7959,6316
7960,6316
7961,6316
7962,6316
7963,6316
7964,6316
7965,6316
7966,6316
7967,6316
7968,6316
7969,6316
7970,6316
7971,6316
7972,6316
7973,6316
7974,6316
7975,6316
7976,6316
7977,6316
7978,6316
7979,6316
7980,6316
7981,6316
7982,6316
7983,6316
7984,6316
7985,6316
7986,6316
7987,6316
7988,6316
7989,6316
7990,6316
7991,6316
7992,6316
7993,6316
7994,6317
7995,6318
7996,6319
7997,6320
7998,6321
7999,6322
8000,6323
8001,6324
8002,6325
8003,6326
8004,6327
8005,6328
8006,6329
8007,6330
8008,6331
8009,6332
8010,6333
8011,6334
8012,6335
8013,6336
8014,6337
8015,6338
8016,6339
8017,6340
8018,6341
8019,6342
8020,6343
8021,6344
8022,6345
8023,6346
8024,6347
8025,6348
8026,6349
8027,6350
8028,6351
8029,6352
8030,6353
8031,6354
8032,6355
8033,6356
8034,6357
8035,6358
8036,6359
8037,6360
8038,6361
8039,6362
8040,6363
8041,6364
8042,6365
8043,6366
8044,6367
8045,6368
8046,6369
8047,6370
8048,6371
8049,6372
8050,6373
8051,6374
8052,6375
8053,6376
8054,6377
8055,6378
8056,6379
8057,6380
8058,6381
8059,6382
8060,6383
8061,6384
8062,6385
8063,6386
8064,6387
8065,6388
8066,6389
8067,6390
8068,6391
8069,6392
8070,6393
8071,6394
8072,6395
8073,6396
8074,6397
8075,6398
8076,6399
8077,6400
8078,6401
8079,6402
8080,6403
8081,6404
8082,6405
8083,6406
8084,6407
8085,6408
8086,6409
8087,6410
8088,6411
8089,6412
8090,6413
8091,6414
8092,6415
8093,6416
8094,6417
8095,6418
8096,6419
8097,6420
8098,6421
8099,6422
8100,6423
8101,6424
8102,6425
8103,6426
8104,6427
8105,6428
8106,6429
8107,6430
8108,6431
8109,6432
8110,6433
8111,6434
8112,6435
8113,6436
8114,6437
8115,6438
8116,6439
8117,6440
8118,6441
8119,6442
8120,6443
8121,6444
8122,6445
8123,6446
8124,6447
8125,6448
8126,6449
8127,6450
8128,6451
8129,6452
8130,6453
8131,6454
8132,6455
8133,6456
8134,6457
8135,6458
8136,6459
8137,6459
8138,6459
8139,6459
8140,6459
8141,6459
8142,6459
8143,6459
8144,6459
8145,6459
8146,6459
8147,6459
8148,6459
8149,6459
8150,6459
8151,6459
8152,6459
8153,6459
8154,6459
8155,6459
8156,6459
8157,6459
8158,6459
8159,6460
8160,6461
8161,6462
8162,6463
8163,6464
8164,6465
8165,6466
8166,6467
8167,6468
8168,6469
8169,6470
8170,6471
8171,6472
8172,6473
8173,6474
8174,6475
8175,6476
8176,6477
8177,6478
8178,6479
8179,6480
8180,6481
8181,6482
8182,6483
8183,6484
8184,6485
8185,6486
8186,6487
8187,6488
8188,6489
8189,6490
8190,6491
8191,6492
8192,6493
8193,6494
8194,6495
8195,6496
8196,6497
8197,6498
8198,6499
8199,6500
8200,6501
8201,6502
8202,6503
8203,6504
8204,6505
8205,6506
8206,6507
8207,6508
8208,6509
8209,6510
8210,6511
8211,6512
8212,6513
8213,6514
8214,6515
8215,6516
8216,6517
8217,6518
8218,6519
8219,6520
8220,6521
8221,6522
8222,6523
8223,6524
8224,6525
8225,6526
8226,6527
8227,6528
8228,6529
8229,6530
8230,6531
8231,6532
8232,6533
8233,6534
8234,6535
8235,6536
8236,6537
8237,6538
8238,6539
8239,6540
8240,6541
8241,6542
8242,6543
8243,6544
8244,6545
8245,6546
8246,6547
8247,6548
8248,6549
8249,6550
8250,6551
8251,6552
8252,6553
8253,6554
8254,6555
8255,6556
8256,6557
8257,6558
8258,6559
8259,6560
8260,6561
8261,6562
8262,6563
8263,6564
8264,6565
8265,6566
8266,6567
8267,6568
8268,6569
8269,6570
8270,6571
8271,6572
8272,6573
8273,6574
8274,6575
8275,6576
8276,6577
8277,6578
8278,6579
8279,6580
8280,6581
8281,6582
8282,6583
8283,6584
8284,6585
8285,6586
8286,6587
8287,6588
8288,6589
8289,6590
8290,6591
8291,6592
8292,6593
8293,6594
8294,6595
8295,6596
8296,6597
8297,6598
8298,6599
8299,6600
8300,6601
8301,6602
8302,6603
8303,6604
8304,6605
8305,6606
8306,6607
8307,6608
8308,6609
8309,6610
8310,6611
8311,6612
8312,6613
8313,6614
8314,6615
8315,6616
8316,6617
8317,6618
8318,6619
8319,6620
8320,6621
8321,6622
8322,6623
8323,6624
8324,6625
8325,6626
8326,6627
8327,6628
8328,6629
8329,6630
8330,6631
8331,6632
8332,6633
8333,6634
8334,6635
8335,6636
8336,6637
8337,6638
8338,6639
8339,6640
8340,6641
8341,6642
8342,6643
8343,6644
8344,6645
8345,6646
8346,6647
8347,6648
8348,6649
8349,6650
8350,6651
8351,6652
8352,6653
8353,6654
8354,6655
8355,6656
8356,6657
8357,6658
8358,6659
8359,6660
8360,6661
8361,6662
8362,6663
8363,6664
8364,6665
8365,6666
8366,6667
8367,6668
8368,6669
8369,6670
8370,6671
8371,6672
8372,6673
8373,6674
8374,6675
8375,6676
8376,6677
8377,6678
8378,6679
8379,6680
8380,6681
8381,6682
8382,6683
8383,6684
8384,6685
8385,6686
8386,6687
8387,6688
8388,6689
8389,6690
8390,6691
8391,6692
8392,6693
8393,6694
8394,6695
8395,6696
8396,6697
8397,6698
8398,6699
8399,6700
8400,6701
8401,6702
8402,6703
8403,6704
8404,6705
8405,6706
8406,6707
8407,6708
8408,6709
8409,6710
8410,6711
8411,6712
8412,6713
8413,6714
8414,6715
8415,6716
8416,6717
8417,6718
8418,6719
8419,6720
8420,6721
8421,6722
8422,6723
8423,6724
8424,6725
8425,6726
8426,6727
8427,6728
8428,6729
8429,6730
8430,6731
8431,6732
8432,6733
8433,6734
8434,6735
8435,6736
8436,6737
8437,6738
8438,6739
8439,6740
8440,6741
8441,6742
8442,6743
8443,6744
8444,6745
8445,6746
8446,6747
8447,6748
8448,6749
8449,6750
8450,6751
8451,6752
8452,6753
8453,6754
8454,6755
8455,6756
8456,6757
8457,6758
8458,6759
8459,6760
8460,6761
8461,6762
8462,6763
8463,6764
8464,6765
8465,6766
8466,6767
8467,6768
8468,6769
8469,6770
8470,6771
8471,6772
8472,6773
8473,6774
8474,6775
8475,6776
8476,6777
8477,6778
8478,6779
8479,6780
8480,6781
8481,6782
8482,6783
8483,6784
8484,6785
8485,6786
8486,6787
8487,6788
8488,6789
8489,6790
8490,6791
8491,6792
8492,6793
8493,6794
8494,6795
8495,6796
8496,6797
8497,6798
8498,6799
8499,6800
8500,6801
8501,6802
8502,6803
8503,6804
8504,6805
8505,6806
8506,6807
8507,6808
8508,6809
8509,6810
8510,6811
8511,6812
8512,6813
8513,6814
8514,6815
8515,6816
8516,6817
8517,6818
8518,6819
8519,6820
8520,6821
8521,6822
8522,6823
8523,6824
8524,6825
8525,6826
8526,6827
8527,6828
8528,6829
8529,6830
8530,6831
8531,6832
8532,6833
8533,6834
8534,6835
8535,6836
8536,6837
8537,6838
8538,6839
8539,6840
8540,6841
8541,6842
8542,6843
8543,6844
8544,6845
8545,6846
8546,6847
8547,6848
8548,6849
8549,6850
8550,6851
8551,6852
8552,6853
8553,6854
8554,6855
8555,6856
8556,6857
8557,6858
8558,6859
8559,6860
8560,6861
8561,6862
8562,6863
8563,6864
8564,6865
8565,6866
8566,6867
8567,6868
8568,6869
8569,6870
8570,6871
8571,6872
8572,6873
8573,6874
8574,6875
8575,6876
8576,6877
8577,6878
8578,6879
8579,6880
8580,6881
8581,6882
8582,6883
8583,6884
8584,6885
8585,6886
8586,6887
8587,6888
8588,6889
8589,6890
8590,6891
8591,6892
8592,6893
8593,6894
8594,6895
8595,6896
8596,6897
8597,6898
8598,6899
8599,6900
8600,6901
8601,6902
8602,6903
8603,6904
8604,6905
8605,6906
8606,6907
8607,6908
8608,6909
8609,6910
8610,6911
8611,6912
8612,6913
8613,6914
8614,6915
8615,6916
8616,6917
8617,6918
8618,6919
8619,6920
8620,6921
8621,6922
8622,6922
8623,6922
8624,6922
8625,6922
8626,6922
8627,6922
8628,6922
8629,6922
8630,6922
8631,6922
8632,6922
8633,6922
8634,6922
8635,6922
8636,6922
8637,6922
8638,6922
8639,6922
8640,6922
8641,6922
8642,6922
8643,6922
8644,6922
8645,6922
8646,6922
8647,6922
8648,6922
8649,6922
8650,6922
8651,6922
8652,6922
8653,6922
8654,6922
8655,6922
8656,6922
8657,6922
8658,6922
8659,6922
8660,6922
8661,6922
8662,6922
8663,6922
8664,6922
8665,6922
8666,6922
8667,6922
8668,6922
8669,6922
8670,6922
8671,6922
8672,6922
8673,6922
8674,6922
8675,6922
8676,6922
8677,6922
8678,6922
8679,6922
8680,6922
8681,6922
8682,6922
8683,6922
8684,6922
8685,6922
8686,6922
8687,6922
8688,6922
8689,6922
8690,6922
8691,6922
8692,6922
8693,6922
8694,6922
8695,6922
8696,6922
8697,6922
8698,6922
8699,6922
8700,6922
8701,6922
8702,6922
8703,6922
8704,6922
8705,6922
8706,6922
8707,6922
8708,6922
8709,6922
8710,6922
8711,6922
8712,6922
8713,6922
8714,6922
8715,6922
8716,6922
8717,6922
8718,6922
8719,6922
8720,6922
8721,6922
8722,6922
8723,6922
8724,6922
8725,6922
8726,6922
8727,6922
8728,6922
8729,6922
8730,6922
8731,6922
8732,6922
8733,6922
8734,6922
8735,6922
8736,6922
8737,6922
8738,6922
8739,6922
8740,6922
8741,6922
8742,6922
8743,6922
8744,6922
8745,6922
8746,6922
8747,6922
8748,6922
8749,6922
8750,6922
8751,6922
8752,6922
8753,6922
8754,6922
8755,6922
8756,6922
8757,6922
8758,6922
8759,6922
8760,6922
